[
  {
    "Id": "S1002",
    "Name": "Walter Russell Mead",
    "Age": 33,
    "Grade": 99.23480798,
    "LetterGrade": "H"
  },
  {
    "Id": "S1004",
    "Name": "William H Ginsburg",
    "Age": 31,
    "Grade": 86.381967,
    "LetterGrade": "H"
  },
  {
    "Id": "S1005",
    "Name": "Julius Rudel",
    "Age": 28,
    "Grade": 85.1759342,
    "LetterGrade": "H"
  },
  {
    "Id": "S1014",
    "Name": "Judith S Kaye",
    "Age": 21,
    "Grade": 86.15719112,
    "LetterGrade": "H"
  },
  {
    "Id": "S1015",
    "Name": "Caroline Knapp",
    "Age": 21,
    "Grade": 90.65538691,
    "LetterGrade": "H"
  },
  {
    "Id": "S1020",
    "Name": "Alice Waters",
    "Age": 24,
    "Grade": 85.4657136,
    "LetterGrade": "H"
  },
  {
    "Id": "S1022",
    "Name": "Lanny J Davis",
    "Age": 29,
    "Grade": 97.74709682,
    "LetterGrade": "H"
  },
  {
    "Id": "S1030",
    "Name": "Jean-Pierre Bemba",
    "Age": 34,
    "Grade": 95.92017257,
    "LetterGrade": "H"
  },
  {
    "Id": "S1031",
    "Name": "Johannes Brahms",
    "Age": 27,
    "Grade": 95.92581303,
    "LetterGrade": "H"
  },
  {
    "Id": "S1034",
    "Name": "Frederick Barthelme",
    "Age": 28,
    "Grade": 89.18136094,
    "LetterGrade": "H"
  },
  {
    "Id": "S1052",
    "Name": "Alan B Krueger",
    "Age": 28,
    "Grade": 89.85605273,
    "LetterGrade": "H"
  },
  {
    "Id": "S1053",
    "Name": "Bobby Labonte",
    "Age": 35,
    "Grade": 87.9889494,
    "LetterGrade": "H"
  },
  {
    "Id": "S1060",
    "Name": "Steny H Hoyer",
    "Age": 36,
    "Grade": 93.80574945,
    "LetterGrade": "H"
  },
  {
    "Id": "S1064",
    "Name": "Ferdinand E Marcos",
    "Age": 28,
    "Grade": 94.91953332,
    "LetterGrade": "H"
  },
  {
    "Id": "S1066",
    "Name": "Aleksandr G Lukashenko",
    "Age": 31,
    "Grade": 99.68467138,
    "LetterGrade": "H"
  },
  {
    "Id": "S1072",
    "Name": "Diane von Furstenberg",
    "Age": 32,
    "Grade": 96.88199317,
    "LetterGrade": "H"
  },
  {
    "Id": "S1077",
    "Name": "Donna Hanover",
    "Age": 26,
    "Grade": 99.42837281,
    "LetterGrade": "H"
  },
  {
    "Id": "S1083",
    "Name": "Frank Keating",
    "Age": 22,
    "Grade": 97.20647137,
    "LetterGrade": "H"
  },
  {
    "Id": "S1085",
    "Name": "Jonathan Franzen",
    "Age": 22,
    "Grade": 90.53520376,
    "LetterGrade": "H"
  },
  {
    "Id": "S1089",
    "Name": "Jill Abramson",
    "Age": 24,
    "Grade": 94.392523,
    "LetterGrade": "H"
  },
  {
    "Id": "S1092",
    "Name": "Lawton Chiles",
    "Age": 32,
    "Grade": 85.75987514,
    "LetterGrade": "H"
  },
  {
    "Id": "S1094",
    "Name": "Antonio McDyess",
    "Age": 33,
    "Grade": 87.81324298,
    "LetterGrade": "H"
  },
  {
    "Id": "S1096",
    "Name": "Paul Tergat",
    "Age": 36,
    "Grade": 91.64775673,
    "LetterGrade": "H"
  },
  {
    "Id": "S1122",
    "Name": "August Strindberg",
    "Age": 32,
    "Grade": 86.97304058,
    "LetterGrade": "H"
  },
  {
    "Id": "S1125",
    "Name": "Muntader al- Zaidi",
    "Age": 35,
    "Grade": 86.95207959,
    "LetterGrade": "H"
  },
  {
    "Id": "S1131",
    "Name": "Steven Spielberg",
    "Age": 33,
    "Grade": 92.46762912,
    "LetterGrade": "H"
  },
  {
    "Id": "S1132",
    "Name": "John Milton",
    "Age": 31,
    "Grade": 92.87018724,
    "LetterGrade": "H"
  },
  {
    "Id": "S1133",
    "Name": "Jan-Michael Gambill",
    "Age": 35,
    "Grade": 86.47952609,
    "LetterGrade": "H"
  },
  {
    "Id": "S1134",
    "Name": "Rubin Carter",
    "Age": 23,
    "Grade": 86.95320198,
    "LetterGrade": "H"
  },
  {
    "Id": "S1136",
    "Name": "Marilyn Hall Patel",
    "Age": 25,
    "Grade": 88.99522929,
    "LetterGrade": "H"
  },
  {
    "Id": "S1137",
    "Name": "Alan Garcia",
    "Age": 22,
    "Grade": 97.54301593,
    "LetterGrade": "H"
  },
  {
    "Id": "S1150",
    "Name": "Dick Pound",
    "Age": 35,
    "Grade": 87.90317653,
    "LetterGrade": "H"
  },
  {
    "Id": "S1153",
    "Name": "Susan Molinari",
    "Age": 36,
    "Grade": 95.00054293,
    "LetterGrade": "H"
  },
  {
    "Id": "S1157",
    "Name": "John Edwards",
    "Age": 23,
    "Grade": 85.18529934,
    "LetterGrade": "H"
  },
  {
    "Id": "S1158",
    "Name": "Jamal Mashburn",
    "Age": 28,
    "Grade": 93.56753428,
    "LetterGrade": "H"
  },
  {
    "Id": "S1166",
    "Name": "Angelina Jolie",
    "Age": 22,
    "Grade": 97.25672063,
    "LetterGrade": "H"
  },
  {
    "Id": "S1167",
    "Name": "Bill McKibben",
    "Age": 29,
    "Grade": 91.16260556,
    "LetterGrade": "H"
  },
  {
    "Id": "S1169",
    "Name": "Jamil Mahuad",
    "Age": 32,
    "Grade": 95.72422295,
    "LetterGrade": "H"
  },
  {
    "Id": "S1170",
    "Name": "Marv Albert",
    "Age": 30,
    "Grade": 94.22720358,
    "LetterGrade": "H"
  },
  {
    "Id": "S1176",
    "Name": "Patricia F Russo",
    "Age": 28,
    "Grade": 93.43145131,
    "LetterGrade": "H"
  },
  {
    "Id": "S1178",
    "Name": "Taurus Wei Jingsheng",
    "Age": 34,
    "Grade": 93.33262104,
    "LetterGrade": "H"
  },
  {
    "Id": "S1183",
    "Name": "Robert Brustein",
    "Age": 32,
    "Grade": 98.83632686,
    "LetterGrade": "H"
  },
  {
    "Id": "S1185",
    "Name": "Tommy Lee Jones",
    "Age": 33,
    "Grade": 92.41537758,
    "LetterGrade": "H"
  },
  {
    "Id": "S1188",
    "Name": "Jeffrey L Bewkes",
    "Age": 32,
    "Grade": 88.61649802,
    "LetterGrade": "H"
  },
  {
    "Id": "S1191",
    "Name": "Giorgio Armani",
    "Age": 33,
    "Grade": 85.09340703,
    "LetterGrade": "H"
  },
  {
    "Id": "S1196",
    "Name": "Khalid Khannouchi",
    "Age": 31,
    "Grade": 91.65398173,
    "LetterGrade": "H"
  },
  {
    "Id": "S1200",
    "Name": "Shirin Ebadi",
    "Age": 32,
    "Grade": 91.37280169,
    "LetterGrade": "H"
  },
  {
    "Id": "S1204",
    "Name": "Baz Luhrmann",
    "Age": 23,
    "Grade": 98.58383492,
    "LetterGrade": "H"
  },
  {
    "Id": "S1210",
    "Name": "Yulia V Tymoshenko",
    "Age": 29,
    "Grade": 97.52638057,
    "LetterGrade": "H"
  },
  {
    "Id": "S1211",
    "Name": "I M Pei",
    "Age": 29,
    "Grade": 99.41694746,
    "LetterGrade": "H"
  },
  {
    "Id": "S1212",
    "Name": "Lance Armstrong",
    "Age": 29,
    "Grade": 91.02455132,
    "LetterGrade": "H"
  },
  {
    "Id": "S1216",
    "Name": "Twyla Tharp",
    "Age": 29,
    "Grade": 86.76151129,
    "LetterGrade": "H"
  },
  {
    "Id": "S1218",
    "Name": "Tab Ramos",
    "Age": 22,
    "Grade": 94.6346157,
    "LetterGrade": "H"
  },
  {
    "Id": "S1229",
    "Name": "Richard W Riley",
    "Age": 37,
    "Grade": 92.92218921,
    "LetterGrade": "H"
  },
  {
    "Id": "S1232",
    "Name": "Leo Jiang Zemin",
    "Age": 26,
    "Grade": 89.75495393,
    "LetterGrade": "H"
  },
  {
    "Id": "S1240",
    "Name": "Athol Fugard",
    "Age": 34,
    "Grade": 86.22824999,
    "LetterGrade": "H"
  },
  {
    "Id": "S1241",
    "Name": "H Carl McCall",
    "Age": 31,
    "Grade": 93.54908192,
    "LetterGrade": "H"
  },
  {
    "Id": "S1258",
    "Name": "Howard Cross",
    "Age": 30,
    "Grade": 87.3649241,
    "LetterGrade": "H"
  },
  {
    "Id": "S1260",
    "Name": "Clyde Drexler",
    "Age": 25,
    "Grade": 97.95277166,
    "LetterGrade": "H"
  },
  {
    "Id": "S1265",
    "Name": "Pete Seeger",
    "Age": 29,
    "Grade": 92.6054456,
    "LetterGrade": "H"
  },
  {
    "Id": "S1270",
    "Name": "Richard Brookhiser",
    "Age": 29,
    "Grade": 93.56983597,
    "LetterGrade": "H"
  },
  {
    "Id": "S1274",
    "Name": "Jonathan Safran Foer",
    "Age": 34,
    "Grade": 86.01331608,
    "LetterGrade": "H"
  },
  {
    "Id": "S1276",
    "Name": "Adolf Eichmann",
    "Age": 32,
    "Grade": 93.00750256,
    "LetterGrade": "H"
  },
  {
    "Id": "S1278",
    "Name": "Tilda Swinton",
    "Age": 35,
    "Grade": 94.27161003,
    "LetterGrade": "H"
  },
  {
    "Id": "S1282",
    "Name": "Robert Zemeckis",
    "Age": 30,
    "Grade": 88.12443346,
    "LetterGrade": "H"
  },
  {
    "Id": "S1290",
    "Name": "Benicio Del Toro",
    "Age": 28,
    "Grade": 93.56813888,
    "LetterGrade": "H"
  },
  {
    "Id": "S1291",
    "Name": "Fred Couples",
    "Age": 37,
    "Grade": 98.90093381,
    "LetterGrade": "H"
  },
  {
    "Id": "S1292",
    "Name": "Manny Ramirez",
    "Age": 30,
    "Grade": 99.03480163,
    "LetterGrade": "H"
  },
  {
    "Id": "S1301",
    "Name": "Bobby Fischer",
    "Age": 33,
    "Grade": 92.90368445,
    "LetterGrade": "H"
  },
  {
    "Id": "S1303",
    "Name": "Trip Gabriel",
    "Age": 22,
    "Grade": 94.07311121,
    "LetterGrade": "H"
  },
  {
    "Id": "S1316",
    "Name": "Mitchell E Jr Daniels",
    "Age": 21,
    "Grade": 91.39745627,
    "LetterGrade": "H"
  },
  {
    "Id": "S1320",
    "Name": "Baltasar Garzon",
    "Age": 21,
    "Grade": 85.71018238,
    "LetterGrade": "H"
  },
  {
    "Id": "S1322",
    "Name": "Mir Hussein Moussavi",
    "Age": 23,
    "Grade": 94.85895759,
    "LetterGrade": "H"
  },
  {
    "Id": "S1327",
    "Name": "Carl Levin",
    "Age": 32,
    "Grade": 90.72395096,
    "LetterGrade": "H"
  },
  {
    "Id": "S1330",
    "Name": "Tom Stoppard",
    "Age": 34,
    "Grade": 86.21404886,
    "LetterGrade": "H"
  },
  {
    "Id": "S1333",
    "Name": "Jacques A Nasser",
    "Age": 29,
    "Grade": 98.30965229,
    "LetterGrade": "H"
  },
  {
    "Id": "S1334",
    "Name": "Ric Burns",
    "Age": 26,
    "Grade": 98.57046987,
    "LetterGrade": "H"
  },
  {
    "Id": "S1339",
    "Name": "Anne Frank",
    "Age": 30,
    "Grade": 91.93690668,
    "LetterGrade": "H"
  },
  {
    "Id": "S1341",
    "Name": "Samuel Waksal",
    "Age": 29,
    "Grade": 87.36589677,
    "LetterGrade": "H"
  },
  {
    "Id": "S1342",
    "Name": "Ilan Ramon",
    "Age": 26,
    "Grade": 97.78405801,
    "LetterGrade": "H"
  },
  {
    "Id": "S1344",
    "Name": "Mike Hampton",
    "Age": 31,
    "Grade": 85.87954191,
    "LetterGrade": "H"
  },
  {
    "Id": "S1351",
    "Name": "Don Larsen",
    "Age": 35,
    "Grade": 88.48180847,
    "LetterGrade": "H"
  },
  {
    "Id": "S1352",
    "Name": "Iva Majoli",
    "Age": 26,
    "Grade": 90.59483725,
    "LetterGrade": "H"
  },
  {
    "Id": "S1360",
    "Name": "Bill Janklow",
    "Age": 33,
    "Grade": 90.21688762,
    "LetterGrade": "H"
  },
  {
    "Id": "S1361",
    "Name": "John Corigliano",
    "Age": 31,
    "Grade": 96.4626557,
    "LetterGrade": "H"
  },
  {
    "Id": "S1362",
    "Name": "Glen Sather",
    "Age": 32,
    "Grade": 92.00241466,
    "LetterGrade": "H"
  },
  {
    "Id": "S1363",
    "Name": "Warren M Christopher",
    "Age": 22,
    "Grade": 97.89416134,
    "LetterGrade": "H"
  },
  {
    "Id": "S1364",
    "Name": "Shane Spencer",
    "Age": 28,
    "Grade": 92.78047149,
    "LetterGrade": "H"
  },
  {
    "Id": "S1366",
    "Name": "Harvey Fierstein",
    "Age": 28,
    "Grade": 91.56248162,
    "LetterGrade": "H"
  },
  {
    "Id": "S1369",
    "Name": "Mark Fuhrman",
    "Age": 34,
    "Grade": 95.24425302,
    "LetterGrade": "H"
  },
  {
    "Id": "S1374",
    "Name": "David N Dinkins",
    "Age": 28,
    "Grade": 89.57013636,
    "LetterGrade": "H"
  },
  {
    "Id": "S1376",
    "Name": "Frank Stella",
    "Age": 23,
    "Grade": 92.05529021,
    "LetterGrade": "H"
  },
  {
    "Id": "S1377",
    "Name": "Cancer Dalai Lama",
    "Age": 25,
    "Grade": 96.99995467,
    "LetterGrade": "H"
  },
  {
    "Id": "S1378",
    "Name": "Alistair Cooke",
    "Age": 30,
    "Grade": 92.49526898,
    "LetterGrade": "H"
  },
  {
    "Id": "S1379",
    "Name": "Jurgen E Schrempp",
    "Age": 21,
    "Grade": 90.14283912,
    "LetterGrade": "H"
  },
  {
    "Id": "S1382",
    "Name": "Kevin Costner",
    "Age": 23,
    "Grade": 92.5117938,
    "LetterGrade": "H"
  },
  {
    "Id": "S1389",
    "Name": "Ronald Radosh",
    "Age": 22,
    "Grade": 99.38940519,
    "LetterGrade": "H"
  },
  {
    "Id": "S1390",
    "Name": "Frank Sinatra",
    "Age": 28,
    "Grade": 95.68235407,
    "LetterGrade": "H"
  },
  {
    "Id": "S1392",
    "Name": "Donald Fehr",
    "Age": 28,
    "Grade": 99.34450784,
    "LetterGrade": "H"
  },
  {
    "Id": "S1397",
    "Name": "Amr Moussa",
    "Age": 31,
    "Grade": 89.26640894,
    "LetterGrade": "H"
  },
  {
    "Id": "S1401",
    "Name": "Mark Penn",
    "Age": 26,
    "Grade": 95.10528503,
    "LetterGrade": "H"
  },
  {
    "Id": "S1405",
    "Name": "Frederick Chiluba",
    "Age": 35,
    "Grade": 94.54018162,
    "LetterGrade": "H"
  },
  {
    "Id": "S1406",
    "Name": "Matthew Shepard",
    "Age": 24,
    "Grade": 92.7996436,
    "LetterGrade": "H"
  },
  {
    "Id": "S1408",
    "Name": "Leon Wieseltier",
    "Age": 35,
    "Grade": 97.14073371,
    "LetterGrade": "H"
  },
  {
    "Id": "S1420",
    "Name": "Abdelbaset Ali Mohmed al- Megrahi",
    "Age": 34,
    "Grade": 88.50419558,
    "LetterGrade": "H"
  },
  {
    "Id": "S1423",
    "Name": "Patrick Ewing",
    "Age": 27,
    "Grade": 92.66425334,
    "LetterGrade": "H"
  },
  {
    "Id": "S1439",
    "Name": "David M Brown",
    "Age": 29,
    "Grade": 94.94112822,
    "LetterGrade": "H"
  },
  {
    "Id": "S1441",
    "Name": "Steven Seagal",
    "Age": 24,
    "Grade": 85.80124756,
    "LetterGrade": "H"
  },
  {
    "Id": "S1448",
    "Name": "Shashi Tharoor",
    "Age": 35,
    "Grade": 88.97081791,
    "LetterGrade": "H"
  },
  {
    "Id": "S1453",
    "Name": "Capricorn Aaliyah",
    "Age": 30,
    "Grade": 92.47223478,
    "LetterGrade": "H"
  },
  {
    "Id": "S1454",
    "Name": "Michael Chang",
    "Age": 37,
    "Grade": 87.86877809,
    "LetterGrade": "H"
  },
  {
    "Id": "S1455",
    "Name": "Gary L Ackerman",
    "Age": 28,
    "Grade": 88.28326305,
    "LetterGrade": "H"
  },
  {
    "Id": "S1456",
    "Name": "Miguel Estrada",
    "Age": 36,
    "Grade": 88.10991526,
    "LetterGrade": "H"
  },
  {
    "Id": "S1465",
    "Name": "C Vivian Stringer",
    "Age": 35,
    "Grade": 93.51394711,
    "LetterGrade": "H"
  },
  {
    "Id": "S1468",
    "Name": "Wolfgang Puck",
    "Age": 36,
    "Grade": 91.15042875,
    "LetterGrade": "H"
  },
  {
    "Id": "S1469",
    "Name": "Gerard Schwarz",
    "Age": 32,
    "Grade": 96.87757787,
    "LetterGrade": "H"
  },
  {
    "Id": "S1476",
    "Name": "Bill Guerin",
    "Age": 34,
    "Grade": 87.09042003,
    "LetterGrade": "H"
  },
  {
    "Id": "S1483",
    "Name": "William J Jr Pascrell",
    "Age": 34,
    "Grade": 91.97008018,
    "LetterGrade": "H"
  },
  {
    "Id": "S1485",
    "Name": "Diane Johnson",
    "Age": 32,
    "Grade": 92.44230663,
    "LetterGrade": "H"
  },
  {
    "Id": "S1489",
    "Name": "Edwidge Danticat",
    "Age": 27,
    "Grade": 97.85386044,
    "LetterGrade": "H"
  },
  {
    "Id": "S1492",
    "Name": "Jim Kolbe",
    "Age": 34,
    "Grade": 88.90410501,
    "LetterGrade": "H"
  },
  {
    "Id": "S1494",
    "Name": "Phil Simms",
    "Age": 36,
    "Grade": 86.0244556,
    "LetterGrade": "H"
  },
  {
    "Id": "S1496",
    "Name": "Shirley M Tilghman",
    "Age": 31,
    "Grade": 96.89695733,
    "LetterGrade": "H"
  },
  {
    "Id": "S1497",
    "Name": "Daniel Libeskind",
    "Age": 32,
    "Grade": 98.26283545,
    "LetterGrade": "H"
  },
  {
    "Id": "S1500",
    "Name": "Jean-Yves Thibaudet",
    "Age": 26,
    "Grade": 99.63795064,
    "LetterGrade": "H"
  },
  {
    "Id": "S1505",
    "Name": "Campbell Scott",
    "Age": 23,
    "Grade": 95.23599513,
    "LetterGrade": "H"
  },
  {
    "Id": "S1511",
    "Name": "Richard Branson",
    "Age": 35,
    "Grade": 94.35611952,
    "LetterGrade": "H"
  },
  {
    "Id": "S1513",
    "Name": "Margaret Cho",
    "Age": 22,
    "Grade": 99.36444317,
    "LetterGrade": "H"
  },
  {
    "Id": "S1514",
    "Name": "Kathleen Sebelius",
    "Age": 32,
    "Grade": 87.15892311,
    "LetterGrade": "H"
  },
  {
    "Id": "S1516",
    "Name": "Anwar Ibrahim",
    "Age": 26,
    "Grade": 93.28303267,
    "LetterGrade": "H"
  },
  {
    "Id": "S1521",
    "Name": "Cormac McCarthy",
    "Age": 35,
    "Grade": 87.6542254,
    "LetterGrade": "H"
  },
  {
    "Id": "S1526",
    "Name": "Ozzy Osbourne",
    "Age": 22,
    "Grade": 87.35516369,
    "LetterGrade": "H"
  },
  {
    "Id": "S1531",
    "Name": "Susan Webber Wright",
    "Age": 33,
    "Grade": 94.51373987,
    "LetterGrade": "H"
  },
  {
    "Id": "S1534",
    "Name": "John Mortimer",
    "Age": 22,
    "Grade": 94.04007501,
    "LetterGrade": "H"
  },
  {
    "Id": "S1540",
    "Name": "Yasir Arafat",
    "Age": 24,
    "Grade": 91.16321902,
    "LetterGrade": "H"
  },
  {
    "Id": "S1545",
    "Name": "Penelope Cruz",
    "Age": 27,
    "Grade": 87.91412128,
    "LetterGrade": "H"
  },
  {
    "Id": "S1551",
    "Name": "Chanda Rubin",
    "Age": 30,
    "Grade": 97.76002846,
    "LetterGrade": "H"
  },
  {
    "Id": "S1563",
    "Name": "Regis Philbin",
    "Age": 37,
    "Grade": 87.84675341,
    "LetterGrade": "H"
  },
  {
    "Id": "S1565",
    "Name": "Leo Napoleon I",
    "Age": 25,
    "Grade": 91.8932797,
    "LetterGrade": "H"
  },
  {
    "Id": "S1568",
    "Name": "Dick Vermeil",
    "Age": 29,
    "Grade": 98.12568224,
    "LetterGrade": "H"
  },
  {
    "Id": "S1571",
    "Name": "Ralph Branca",
    "Age": 31,
    "Grade": 97.03055371,
    "LetterGrade": "H"
  },
  {
    "Id": "S1574",
    "Name": "Paul Azinger",
    "Age": 23,
    "Grade": 88.23609396,
    "LetterGrade": "H"
  },
  {
    "Id": "S1576",
    "Name": "Laurence A Tisch",
    "Age": 34,
    "Grade": 86.15669104,
    "LetterGrade": "H"
  },
  {
    "Id": "S1586",
    "Name": "Jack Curry",
    "Age": 35,
    "Grade": 97.15860941,
    "LetterGrade": "H"
  },
  {
    "Id": "S1587",
    "Name": "Hugh Jackman",
    "Age": 23,
    "Grade": 85.58797217,
    "LetterGrade": "H"
  },
  {
    "Id": "S1592",
    "Name": "Tony Coelho",
    "Age": 31,
    "Grade": 86.22332987,
    "LetterGrade": "H"
  },
  {
    "Id": "S1595",
    "Name": "Herb Brooks",
    "Age": 21,
    "Grade": 93.30515829,
    "LetterGrade": "H"
  },
  {
    "Id": "S1607",
    "Name": "Ray Mabus",
    "Age": 31,
    "Grade": 98.44852065,
    "LetterGrade": "H"
  },
  {
    "Id": "S1613",
    "Name": "Charlie LeDuff",
    "Age": 28,
    "Grade": 85.14964149,
    "LetterGrade": "H"
  },
  {
    "Id": "S1614",
    "Name": "Winslow Homer",
    "Age": 23,
    "Grade": 94.83436621,
    "LetterGrade": "H"
  },
  {
    "Id": "S1617",
    "Name": "Martin T Meehan",
    "Age": 32,
    "Grade": 92.35416102,
    "LetterGrade": "H"
  },
  {
    "Id": "S1619",
    "Name": "Sally Field",
    "Age": 31,
    "Grade": 97.61176757,
    "LetterGrade": "H"
  },
  {
    "Id": "S1620",
    "Name": "Suzanne Vega",
    "Age": 23,
    "Grade": 91.06100305,
    "LetterGrade": "H"
  },
  {
    "Id": "S1629",
    "Name": "Theodore E McCarrick",
    "Age": 22,
    "Grade": 95.85824954,
    "LetterGrade": "H"
  },
  {
    "Id": "S1631",
    "Name": "Pinchas Zukerman",
    "Age": 23,
    "Grade": 87.78811144,
    "LetterGrade": "H"
  },
  {
    "Id": "S1632",
    "Name": "Carl Everett",
    "Age": 25,
    "Grade": 88.74739821,
    "LetterGrade": "H"
  },
  {
    "Id": "S1640",
    "Name": "Andrew M Cuomo",
    "Age": 32,
    "Grade": 91.74273763,
    "LetterGrade": "H"
  },
  {
    "Id": "S1644",
    "Name": "Bob Hope",
    "Age": 31,
    "Grade": 96.31277237,
    "LetterGrade": "H"
  },
  {
    "Id": "S1648",
    "Name": "Luciano Pavarotti",
    "Age": 34,
    "Grade": 86.3493548,
    "LetterGrade": "H"
  },
  {
    "Id": "S1653",
    "Name": "Garland Jr Burrell",
    "Age": 23,
    "Grade": 89.25508458,
    "LetterGrade": "H"
  },
  {
    "Id": "S1659",
    "Name": "Robert Rauschenberg",
    "Age": 34,
    "Grade": 88.88457161,
    "LetterGrade": "H"
  },
  {
    "Id": "S1661",
    "Name": "Carolyn B Maloney",
    "Age": 29,
    "Grade": 86.37253033,
    "LetterGrade": "H"
  },
  {
    "Id": "S1669",
    "Name": "Larry A Silverstein",
    "Age": 22,
    "Grade": 94.96074057,
    "LetterGrade": "H"
  },
  {
    "Id": "S1670",
    "Name": "Leon Botstein",
    "Age": 37,
    "Grade": 90.22590015,
    "LetterGrade": "H"
  },
  {
    "Id": "S1673",
    "Name": "Charlie Chaplin",
    "Age": 21,
    "Grade": 96.88624236,
    "LetterGrade": "H"
  },
  {
    "Id": "S1677",
    "Name": "Pavel P Borodin",
    "Age": 29,
    "Grade": 93.2666183,
    "LetterGrade": "H"
  },
  {
    "Id": "S1681",
    "Name": "Evan Bayh",
    "Age": 31,
    "Grade": 92.29903144,
    "LetterGrade": "H"
  },
  {
    "Id": "S1685",
    "Name": "Sam Shepard",
    "Age": 23,
    "Grade": 97.18159183,
    "LetterGrade": "H"
  },
  {
    "Id": "S1690",
    "Name": "W Ann Reynolds",
    "Age": 36,
    "Grade": 90.84638748,
    "LetterGrade": "H"
  },
  {
    "Id": "S1695",
    "Name": "William T Esrey",
    "Age": 22,
    "Grade": 94.96942835,
    "LetterGrade": "H"
  },
  {
    "Id": "S1696",
    "Name": "Joyce Maynard",
    "Age": 23,
    "Grade": 93.34037576,
    "LetterGrade": "H"
  },
  {
    "Id": "S1705",
    "Name": "John D Dingell",
    "Age": 35,
    "Grade": 98.95743701,
    "LetterGrade": "H"
  },
  {
    "Id": "S1712",
    "Name": "William Joppy",
    "Age": 22,
    "Grade": 99.4672334,
    "LetterGrade": "H"
  },
  {
    "Id": "S1714",
    "Name": "Johnnie L Jr Cochran",
    "Age": 27,
    "Grade": 87.32132186,
    "LetterGrade": "H"
  },
  {
    "Id": "S1715",
    "Name": "Thomas Jefferson",
    "Age": 25,
    "Grade": 93.74914737,
    "LetterGrade": "H"
  },
  {
    "Id": "S1718",
    "Name": "Aaron Burr",
    "Age": 27,
    "Grade": 90.74323421,
    "LetterGrade": "H"
  },
  {
    "Id": "S1723",
    "Name": "Jeromy Burnitz",
    "Age": 30,
    "Grade": 85.86012468,
    "LetterGrade": "H"
  },
  {
    "Id": "S1724",
    "Name": "Alfred E Kahn",
    "Age": 32,
    "Grade": 96.36289347,
    "LetterGrade": "H"
  },
  {
    "Id": "S1728",
    "Name": "Kenny Lofton",
    "Age": 26,
    "Grade": 90.66486773,
    "LetterGrade": "H"
  },
  {
    "Id": "S1731",
    "Name": "Jonathan Raban",
    "Age": 25,
    "Grade": 85.81471984,
    "LetterGrade": "H"
  },
  {
    "Id": "S1735",
    "Name": "Philip Bosco",
    "Age": 24,
    "Grade": 95.43323574,
    "LetterGrade": "H"
  },
  {
    "Id": "S1736",
    "Name": "Kenny Perry",
    "Age": 27,
    "Grade": 93.35129383,
    "LetterGrade": "H"
  },
  {
    "Id": "S1740",
    "Name": "Elvis Costello",
    "Age": 26,
    "Grade": 90.70216808,
    "LetterGrade": "H"
  },
  {
    "Id": "S1742",
    "Name": "Steve Strunsky",
    "Age": 23,
    "Grade": 93.32200449,
    "LetterGrade": "H"
  },
  {
    "Id": "S1747",
    "Name": "Anna Kisselgoff",
    "Age": 28,
    "Grade": 87.33687877,
    "LetterGrade": "H"
  },
  {
    "Id": "S1752",
    "Name": "Bob Stoops",
    "Age": 31,
    "Grade": 94.53288305,
    "LetterGrade": "H"
  },
  {
    "Id": "S1756",
    "Name": "Mark McGwire",
    "Age": 36,
    "Grade": 97.93729157,
    "LetterGrade": "H"
  },
  {
    "Id": "S1757",
    "Name": "James C Greenwood",
    "Age": 32,
    "Grade": 85.28259636,
    "LetterGrade": "H"
  },
  {
    "Id": "S1760",
    "Name": "Bob Arum",
    "Age": 29,
    "Grade": 94.51664252,
    "LetterGrade": "H"
  },
  {
    "Id": "S1764",
    "Name": "Stanley Kubrick",
    "Age": 31,
    "Grade": 99.25472965,
    "LetterGrade": "H"
  },
  {
    "Id": "S1765",
    "Name": "Eric Mangini",
    "Age": 33,
    "Grade": 95.69657568,
    "LetterGrade": "H"
  },
  {
    "Id": "S1770",
    "Name": "Saeb Erekat",
    "Age": 35,
    "Grade": 90.14674494,
    "LetterGrade": "H"
  },
  {
    "Id": "S1776",
    "Name": "Mikhail M Kasyanov",
    "Age": 23,
    "Grade": 94.91567625,
    "LetterGrade": "H"
  },
  {
    "Id": "S1777",
    "Name": "Ken Salazar",
    "Age": 31,
    "Grade": 86.75923572,
    "LetterGrade": "H"
  },
  {
    "Id": "S1778",
    "Name": "Barry Levinson",
    "Age": 22,
    "Grade": 94.24034346,
    "LetterGrade": "H"
  },
  {
    "Id": "S1783",
    "Name": "Billy Graham",
    "Age": 37,
    "Grade": 97.23734385,
    "LetterGrade": "H"
  },
  {
    "Id": "S1785",
    "Name": "Denise Cote",
    "Age": 26,
    "Grade": 88.72190265,
    "LetterGrade": "H"
  },
  {
    "Id": "S1791",
    "Name": "Michael J Bragman",
    "Age": 25,
    "Grade": 85.38730883,
    "LetterGrade": "H"
  },
  {
    "Id": "S1792",
    "Name": "I Lewis Jr Libby",
    "Age": 33,
    "Grade": 94.53944217,
    "LetterGrade": "H"
  },
  {
    "Id": "S1794",
    "Name": "Martin Puryear",
    "Age": 27,
    "Grade": 96.42472248,
    "LetterGrade": "H"
  },
  {
    "Id": "S1796",
    "Name": "John Darnton",
    "Age": 36,
    "Grade": 94.13948403,
    "LetterGrade": "H"
  },
  {
    "Id": "S1798",
    "Name": "Ravi Shankar",
    "Age": 23,
    "Grade": 94.16320416,
    "LetterGrade": "H"
  },
  {
    "Id": "S1800",
    "Name": "Marilyn Horne",
    "Age": 34,
    "Grade": 86.16195201,
    "LetterGrade": "H"
  },
  {
    "Id": "S1803",
    "Name": "Frank Decaro",
    "Age": 30,
    "Grade": 94.91786031,
    "LetterGrade": "H"
  },
  {
    "Id": "S1806",
    "Name": "Ted Koppel",
    "Age": 22,
    "Grade": 93.29453468,
    "LetterGrade": "H"
  },
  {
    "Id": "S1807",
    "Name": "Harrison Ford",
    "Age": 28,
    "Grade": 97.70120202,
    "LetterGrade": "H"
  },
  {
    "Id": "S1808",
    "Name": "Roger M Mahony",
    "Age": 27,
    "Grade": 87.3712448,
    "LetterGrade": "H"
  },
  {
    "Id": "S1810",
    "Name": "Dirk Nowitzki",
    "Age": 35,
    "Grade": 94.21439182,
    "LetterGrade": "H"
  },
  {
    "Id": "S1814",
    "Name": "Elvis Mitchell",
    "Age": 31,
    "Grade": 86.72714746,
    "LetterGrade": "H"
  },
  {
    "Id": "S1821",
    "Name": "Vladimir Feltsman",
    "Age": 36,
    "Grade": 93.98261447,
    "LetterGrade": "H"
  },
  {
    "Id": "S1825",
    "Name": "John Major",
    "Age": 32,
    "Grade": 97.29397768,
    "LetterGrade": "H"
  },
  {
    "Id": "S1826",
    "Name": "Danny Wuerffel",
    "Age": 28,
    "Grade": 97.5177952,
    "LetterGrade": "H"
  },
  {
    "Id": "S1828",
    "Name": "John C Malone",
    "Age": 23,
    "Grade": 86.4417777,
    "LetterGrade": "H"
  },
  {
    "Id": "S1829",
    "Name": "Thomas Keller",
    "Age": 37,
    "Grade": 96.64190455,
    "LetterGrade": "H"
  },
  {
    "Id": "S1830",
    "Name": "Edith Wharton",
    "Age": 33,
    "Grade": 94.018053,
    "LetterGrade": "H"
  },
  {
    "Id": "S1832",
    "Name": "Frank Padavan",
    "Age": 31,
    "Grade": 99.01920297,
    "LetterGrade": "H"
  },
  {
    "Id": "S1833",
    "Name": "Eric Alterman",
    "Age": 26,
    "Grade": 89.88811238,
    "LetterGrade": "H"
  },
  {
    "Id": "S1834",
    "Name": "Brendan Gill",
    "Age": 24,
    "Grade": 99.09411139,
    "LetterGrade": "H"
  },
  {
    "Id": "S1838",
    "Name": "Gene C McKinney",
    "Age": 24,
    "Grade": 85.40304667,
    "LetterGrade": "H"
  },
  {
    "Id": "S1839",
    "Name": "Guillermo Linares",
    "Age": 30,
    "Grade": 99.17968223,
    "LetterGrade": "H"
  },
  {
    "Id": "S1845",
    "Name": "Hugh Hefner",
    "Age": 31,
    "Grade": 91.27541865,
    "LetterGrade": "H"
  },
  {
    "Id": "S1851",
    "Name": "Denny Chin",
    "Age": 34,
    "Grade": 95.32878008,
    "LetterGrade": "H"
  },
  {
    "Id": "S1853",
    "Name": "Linford Christie",
    "Age": 29,
    "Grade": 91.83523659,
    "LetterGrade": "H"
  },
  {
    "Id": "S1854",
    "Name": "Viktor F Yanukovich",
    "Age": 25,
    "Grade": 89.90040396,
    "LetterGrade": "H"
  },
  {
    "Id": "S1859",
    "Name": "William J Bratton",
    "Age": 22,
    "Grade": 88.74364543,
    "LetterGrade": "H"
  },
  {
    "Id": "S1860",
    "Name": "Mario Batali",
    "Age": 34,
    "Grade": 97.76564082,
    "LetterGrade": "H"
  },
  {
    "Id": "S1869",
    "Name": "Victor Borge",
    "Age": 28,
    "Grade": 96.6963092,
    "LetterGrade": "H"
  },
  {
    "Id": "S1873",
    "Name": "Pierre Bonnard",
    "Age": 29,
    "Grade": 97.64234929,
    "LetterGrade": "H"
  },
  {
    "Id": "S1875",
    "Name": "Claire Messud",
    "Age": 32,
    "Grade": 90.45452499,
    "LetterGrade": "H"
  },
  {
    "Id": "S1876",
    "Name": "Ahmed Omar Sheikh",
    "Age": 25,
    "Grade": 95.49296338,
    "LetterGrade": "H"
  },
  {
    "Id": "S1879",
    "Name": "Christa Worthington",
    "Age": 23,
    "Grade": 99.2639234,
    "LetterGrade": "H"
  },
  {
    "Id": "S1889",
    "Name": "Wes Craven",
    "Age": 27,
    "Grade": 87.86162217,
    "LetterGrade": "H"
  },
  {
    "Id": "S1891",
    "Name": "Tony Kushner",
    "Age": 37,
    "Grade": 88.36816606,
    "LetterGrade": "H"
  },
  {
    "Id": "S1892",
    "Name": "Norman Pearlstine",
    "Age": 27,
    "Grade": 96.1898984,
    "LetterGrade": "H"
  },
  {
    "Id": "S1893",
    "Name": "Bob Costas",
    "Age": 36,
    "Grade": 99.11286087,
    "LetterGrade": "H"
  },
  {
    "Id": "S1901",
    "Name": "Barry R McCaffrey",
    "Age": 33,
    "Grade": 94.40528289,
    "LetterGrade": "H"
  },
  {
    "Id": "S1905",
    "Name": "John Cheever",
    "Age": 37,
    "Grade": 95.96280121,
    "LetterGrade": "H"
  },
  {
    "Id": "S1906",
    "Name": "Aretha Franklin",
    "Age": 21,
    "Grade": 94.96548556,
    "LetterGrade": "H"
  },
  {
    "Id": "S1908",
    "Name": "Dan Glickman",
    "Age": 32,
    "Grade": 85.32469418,
    "LetterGrade": "H"
  },
  {
    "Id": "S1912",
    "Name": "Milt Bearden",
    "Age": 32,
    "Grade": 91.32032562,
    "LetterGrade": "H"
  },
  {
    "Id": "S1919",
    "Name": "Tracy McGrady",
    "Age": 30,
    "Grade": 97.46413644,
    "LetterGrade": "H"
  },
  {
    "Id": "S1920",
    "Name": "Jennifer M Granholm",
    "Age": 31,
    "Grade": 95.92453276,
    "LetterGrade": "H"
  },
  {
    "Id": "S1921",
    "Name": "John Kenneth Galbraith",
    "Age": 33,
    "Grade": 93.72066776,
    "LetterGrade": "H"
  },
  {
    "Id": "S1923",
    "Name": "Bob Mackie",
    "Age": 36,
    "Grade": 90.49305379,
    "LetterGrade": "H"
  },
  {
    "Id": "S1926",
    "Name": "Karen Akers",
    "Age": 22,
    "Grade": 88.96950808,
    "LetterGrade": "H"
  },
  {
    "Id": "S1927",
    "Name": "Stephen G Breyer",
    "Age": 29,
    "Grade": 97.55432442,
    "LetterGrade": "H"
  },
  {
    "Id": "S1931",
    "Name": "Heath Ledger",
    "Age": 35,
    "Grade": 95.42438114,
    "LetterGrade": "H"
  },
  {
    "Id": "S1932",
    "Name": "Jane E Brody",
    "Age": 21,
    "Grade": 93.72466804,
    "LetterGrade": "H"
  },
  {
    "Id": "S1933",
    "Name": "Carlos Slim Helu",
    "Age": 26,
    "Grade": 88.75435022,
    "LetterGrade": "H"
  },
  {
    "Id": "S1937",
    "Name": "Bill de Blasio",
    "Age": 22,
    "Grade": 97.30141754,
    "LetterGrade": "H"
  },
  {
    "Id": "S1939",
    "Name": "Martin Short",
    "Age": 23,
    "Grade": 87.69715815,
    "LetterGrade": "H"
  },
  {
    "Id": "S1945",
    "Name": "Fred W Friendly",
    "Age": 31,
    "Grade": 97.03700978,
    "LetterGrade": "H"
  },
  {
    "Id": "S1948",
    "Name": "Betsey Johnson",
    "Age": 32,
    "Grade": 89.04078391,
    "LetterGrade": "H"
  },
  {
    "Id": "S1953",
    "Name": "Peter Ilyich Tchaikovsky",
    "Age": 27,
    "Grade": 94.23783473,
    "LetterGrade": "H"
  },
  {
    "Id": "S1954",
    "Name": "Patsy Ramsey",
    "Age": 26,
    "Grade": 85.23597462,
    "LetterGrade": "H"
  },
  {
    "Id": "S1961",
    "Name": "George Ryan",
    "Age": 35,
    "Grade": 94.62286101,
    "LetterGrade": "H"
  },
  {
    "Id": "S1968",
    "Name": "Eliot Feld",
    "Age": 36,
    "Grade": 91.89833685,
    "LetterGrade": "H"
  },
  {
    "Id": "S1971",
    "Name": "Robert C Byrd",
    "Age": 26,
    "Grade": 88.79967302,
    "LetterGrade": "H"
  },
  {
    "Id": "S1973",
    "Name": "David E Bonior",
    "Age": 24,
    "Grade": 89.12987631,
    "LetterGrade": "H"
  },
  {
    "Id": "S1974",
    "Name": "P V Narasimha Rao",
    "Age": 34,
    "Grade": 96.89567319,
    "LetterGrade": "H"
  },
  {
    "Id": "S1977",
    "Name": "Don Nelson",
    "Age": 37,
    "Grade": 95.74356632,
    "LetterGrade": "H"
  },
  {
    "Id": "S1980",
    "Name": "Shamil Basayev",
    "Age": 23,
    "Grade": 90.23610255,
    "LetterGrade": "H"
  },
  {
    "Id": "S1986",
    "Name": "Abdurrahman Wahid",
    "Age": 28,
    "Grade": 94.99247731,
    "LetterGrade": "H"
  },
  {
    "Id": "S1987",
    "Name": "Anne Tyler",
    "Age": 32,
    "Grade": 94.02053235,
    "LetterGrade": "H"
  }
]