Id,CityName,State,Population,lat,lon
1,Marysville,Washington,63269,48.0517637,-122.1770818
2,Perris,California,72326,33.7825194,-117.2286478
3,Cleveland,Ohio,390113,41.49932,-81.6943605
4,Worcester,Massachusetts,182544,42.2625932,-71.8022934
5,Columbia,South Carolina,133358,34.0007104,-81.0348144
6,Waterbury,Connecticut,109676,41.5581525,-73.0514965
7,Eagan,Minnesota,65453,44.8041322,-93.1668858
8,Southfield,Michigan,73006,42.4733688,-83.2218731
9,Lafayette,Louisiana,124276,30.2240897,-92.0198427
10,Boise City,Idaho,214237,43.6187102,-116.2146068
11,Elkhart,Indiana,51265,41.6819935,-85.9766671
12,Buena Park,California,82882,33.8675143,-117.9981181
13,Marietta,Georgia,59089,33.952602,-84.5499327
14,Parker,Colorado,48608,39.5186002,-104.7613633
15,West Palm Beach,Florida,102436,26.7153424,-80.0533746
16,Salem,Massachusetts,42544,42.51954,-70.8967155
17,Aurora,Illinois,199963,41.7605849,-88.3200715
18,Leesburg,Virginia,47673,39.1156615,-77.5636015
19,Doral,Florida,50213,25.8195424,-80.3553302
20,Westminster,California,91739,33.7513419,-117.9939921
21,Lubbock,Texas,239538,33.5778631,-101.8551665
22,Overland Park,Kansas,181260,38.9822282,-94.6707917
23,Jackson,Mississippi,172638,32.2987573,-90.1848103
24,Gastonia,North Carolina,73209,35.262082,-81.1873005
25,Daytona Beach,Florida,62316,29.2108147,-81.0228331
26,Kansas City,Missouri,467007,39.0997265,-94.5785667
27,Rancho Palos Verdes,California,42448,33.7444613,-118.3870173
28,Burnsville,Minnesota,61434,44.7677424,-93.2777226
29,Rowlett,Texas,58043,32.9029017,-96.56388
30,Roswell,New Mexico,48611,33.3942655,-104.5230242
31,Montgomery,Alabama,201332,32.3668052,-86.2999689
32,Logan,Utah,48913,41.7369803,-111.8338359
33,Woburn,Massachusetts,39083,42.4792618,-71.1522765
34,Allentown,Pennsylvania,118577,40.6084305,-75.4901833
35,Mount Pleasant,South Carolina,74885,32.8323225,-79.8284258
36,Columbus,Georgia,202824,32.4609764,-84.9877094
37,Buffalo,New York,258959,42.8864468,-78.8783689
38,New Berlin,Wisconsin,39834,42.9764027,-88.1084224
39,North Richland Hills,Texas,67317,32.8342952,-97.2289029
40,Lima,Ohio,38355,40.742551,-84.1052256
41,Sacramento,California,479686,38.5815719,-121.4943996
42,Fort Smith,Arkansas,87650,35.3859242,-94.3985475
43,East Providence,Rhode Island,47149,41.8137116,-71.3700545
44,Urbandale,Iowa,41776,41.6266555,-93.7121656
45,Mount Vernon,New York,68224,40.9125992,-73.8370786
46,Lakewood,Colorado,147214,39.7047095,-105.0813734
47,Henderson,Nevada,270811,36.0395247,-114.9817213
48,Covina,California,48508,34.0900091,-117.8903397
49,Stamford,Connecticut,126456,41.0534302,-73.5387341
50,Bloomington,Indiana,82575,39.165325,-86.5263857
51,Kingsport,Tennessee,52962,36.548434,-82.5618186
52,Spokane,Washington,210721,47.6587802,-117.4260466
53,Kennewick,Washington,76762,46.2112458,-119.1372338
54,Philadelphia,Pennsylvania,1553165,39.9525839,-75.1652215
55,Bellingham,Washington,82631,48.74908,-122.4781473
56,Visalia,California,127763,36.3302284,-119.2920585
57,La Crosse,Wisconsin,51522,43.8013556,-91.2395807
58,Council Bluffs,Iowa,61969,41.2619444,-95.8608333
59,North Lauderdale,Florida,42757,26.217305,-80.2258811
60,Dallas,Texas,1257676,32.7766642,-96.7969879
61,Antioch,California,107100,38.0049214,-121.805789
62,Sterling Heights,Michigan,131224,42.5803122,-83.0302033
63,Deerfield Beach,Florida,78041,26.3184123,-80.0997657
64,Fishers,Indiana,83891,39.9567548,-86.01335
65,Cheyenne,Wyoming,62448,41.1399814,-104.8202462
66,Murrieta,California,107479,33.5539143,-117.2139232
67,Lenexa,Kansas,50344,38.9536174,-94.7335709
68,Noblesville,Indiana,56540,40.0455917,-86.0085955
69,Southaven,Mississippi,50997,34.9889818,-90.0125913
70,Chino,California,80988,34.0122346,-117.688944
71,Gaithersburg,Maryland,65690,39.1434406,-77.2013705
72,Fountain Valley,California,56707,33.7091847,-117.9536697
73,Frederick,Maryland,66893,39.4142688,-77.4105409
74,Greenville,North Carolina,89130,35.612661,-77.3663538
75,DeKalb,Illinois,43849,41.9294736,-88.7503647
76,West Allis,Wisconsin,60697,43.0166806,-88.0070315
77,Thornton,Colorado,127359,39.8680412,-104.9719243
78,West Des Moines,Iowa,61255,41.5772115,-93.711332
79,Fall River,Massachusetts,88697,41.7014912,-71.1550451
80,Tulare,California,61170,36.2077288,-119.3473379
81,Chula Vista,California,256780,32.6400541,-117.0841955
82,Coral Springs,Florida,126604,26.271192,-80.2706044
83,Concord,North Carolina,83506,35.4087517,-80.579511
84,Smyrna,Georgia,53438,33.8839926,-84.5143761
85,Apopka,Florida,45587,28.6934076,-81.5322149
86,Grand Forks,North Dakota,54932,47.9252568,-97.0328547
87,Lancaster,Ohio,39325,39.7136754,-82.5993294
88,Naperville,Illinois,144864,41.7508391,-88.1535352
89,Hollywood,Florida,146526,26.0112014,-80.1494901
90,Rogers,Arkansas,60112,36.3320196,-94.1185366
91,New Orleans,Louisiana,378715,29.9510658,-90.0715323
92,Lakewood,Washington,59097,47.1717649,-122.518458
93,Oak Lawn,Illinois,57073,41.719978,-87.7479528
94,Caldwell,Idaho,48957,43.6629384,-116.6873596
95,Portland,Oregon,609456,45.5230622,-122.6764816
96,Concord,California,125880,37.9779776,-122.0310733
97,Burien,Washington,49858,47.4703767,-122.3467918
98,St. Charles,Missouri,67569,38.7881062,-90.4974359
99,Waukesha,Wisconsin,71016,43.0116784,-88.2314813
100,Flagstaff,Arizona,68667,35.1982836,-111.651302
101,Puyallup,Washington,38609,47.1853785,-122.2928974
102,Schenectady,New York,65902,42.8142432,-73.9395687
103,Denver,Colorado,649495,39.7392358,-104.990251
104,Springfield,Illinois,117006,39.7817213,-89.6501481
105,Campbell,California,40584,37.2871651,-121.9499568
106,Moreno Valley,California,201175,33.9424658,-117.2296717
107,Kettering,Ohio,55870,39.6895036,-84.1688274
108,Lincoln Park,Michigan,37313,42.2505943,-83.1785361
109,Lake Havasu City,Arizona,52844,34.483901,-114.3224548
110,North Little Rock,Arkansas,66075,34.769536,-92.2670941
111,Reno,Nevada,233294,39.5296329,-119.8138027
112,Littleton,Colorado,44275,39.613321,-105.0166498
113,Prescott,Arizona,40590,34.5400242,-112.4685025
114,Dublin,California,52105,37.7021521,-121.9357918
115,Texarkana,Texas,37442,33.425125,-94.0476882
116,Portland,Maine,66318,43.661471,-70.2553259
117,Brooklyn Park,Minnesota,78373,45.0941315,-93.3563405
118,West Haven,Connecticut,55046,41.2705484,-72.9469711
119,El Centro,California,43363,32.792,-115.5630514
120,The Colony,Texas,39458,33.0806083,-96.8928309
121,Flint,Michigan,99763,43.0125274,-83.6874562
122,Pittsburg,California,66695,38.0279762,-121.8846806
123,Buckeye,Arizona,56683,33.3703197,-112.5837766
124,Brea,California,40963,33.9166805,-117.9000604
125,Indio,California,83539,33.7205771,-116.2155619
126,Scottsdale,Arizona,226918,33.4941704,-111.9260519
127,Columbus,Ohio,822553,39.9611755,-82.9987942
128,Lancaster,Pennsylvania,59325,40.0378755,-76.3055144
129,Lincoln,Nebraska,268738,40.8257625,-96.6851982
130,Trenton,New Jersey,84349,40.2170534,-74.7429384
131,Boston,Massachusetts,645966,42.3600825,-71.0588801
132,Glendora,California,51074,34.1361187,-117.865339
133,Rochester,Minnesota,110742,44.0121221,-92.4801989
134,Florissant,Missouri,52363,38.789217,-90.322614
135,Annapolis,Maryland,38722,38.9784453,-76.4921829
136,Chapel Hill,North Carolina,59635,35.9131996,-79.0558445
137,Lawrence,Indiana,47135,39.8386516,-86.0252612
138,Calexico,California,39389,32.6789476,-115.4988834
139,Calumet City,Illinois,37240,41.6155909,-87.5294871
140,Missoula,Montana,69122,46.8787176,-113.996586
141,Clovis,California,99769,36.8252277,-119.7029194
142,Pearland,Texas,100065,29.5635666,-95.2860474
143,Gilbert,Arizona,229972,33.3528264,-111.789027
144,Wausau,Wisconsin,39309,44.9591352,-89.6301221
145,Raleigh,North Carolina,431746,35.7795897,-78.6381787
146,Orange,California,139969,33.7877944,-117.8531119
147,Walnut Creek,California,66900,37.9100783,-122.0651819
148,Bremerton,Washington,39056,47.5673202,-122.6329356
149,Porterville,California,55174,36.06523,-119.0167679
150,Marana,Arizona,38290,32.436381,-111.2224422
151,Tallahassee,Florida,186411,30.4382559,-84.2807329
152,Conroe,Texas,63032,30.3118769,-95.4560512
153,Blacksburg,Virginia,43609,37.2295733,-80.4139393
154,San Antonio,Texas,1409019,29.4241219,-98.4936282
155,Hartford,Connecticut,125017,41.7637111,-72.6850932
156,Waterloo,Iowa,68366,42.492786,-92.3425775
157,Binghamton,New York,46444,42.0986867,-75.9179738
158,Meridian,Idaho,83596,43.6121087,-116.3915131
159,Fond du Lac,Wisconsin,42970,43.7730448,-88.4470508
160,Baytown,Texas,75418,29.7355047,-94.9774274
161,Cary,North Carolina,151088,35.79154,-78.7811169
162,Weymouth Town,Massachusetts,55419,42.2180724,-70.9410356
163,Tulsa,Oklahoma,398121,36.1539816,-95.992775
164,Mission,Texas,81050,26.2159066,-98.3252932
165,Cuyahoga Falls,Ohio,49267,41.1339449,-81.4845585
166,Malden,Massachusetts,60509,42.4250964,-71.066163
167,Allen,Texas,92020,33.1031744,-96.6705503
168,Tucson,Arizona,526116,32.2217429,-110.926479
169,Franklin,Tennessee,68886,35.9250637,-86.8688899
170,Shakopee,Minnesota,39167,44.7973962,-93.5272861
171,Jacksonville,Florida,842583,30.3321838,-81.655651
172,Atlantic City,New Jersey,39551,39.3642834,-74.4229266
173,Erie,Pennsylvania,100671,42.1292241,-80.085059
174,Merced,California,81102,37.3021632,-120.4829677
175,Abilene,Texas,120099,32.4487364,-99.7331439
176,Yorba Linda,California,67032,33.8886259,-117.8131125
177,Greenville,South Carolina,61397,34.8526176,-82.3940104
178,Huntersville,North Carolina,50458,35.410694,-80.8428504
179,St. Clair Shores,Michigan,60070,42.4974085,-82.8963604
180,Harrisburg,Pennsylvania,49188,40.2731911,-76.8867008
181,San Buenaventura (Ventura),California,108817,34.274646,-119.2290316
182,Fremont,California,224922,37.5482697,-121.9885719
183,Pueblo,Colorado,108249,38.2544472,-104.6091409
184,Chelsea,Massachusetts,37670,42.3917638,-71.0328284
185,Belleville,Illinois,42895,38.5200504,-89.9839935
186,Minneapolis,Minnesota,400070,44.977753,-93.2650108
187,Bartlett,Tennessee,58226,35.2045328,-89.8739753
188,Wichita Falls,Texas,104898,33.9137085,-98.4933873
189,Missouri City,Texas,70185,29.6185669,-95.5377215
190,St. Louis,Missouri,318416,38.6270025,-90.1994042
191,Pharr,Texas,73790,26.1947962,-98.1836216
192,Albuquerque,New Mexico,556495,35.0853336,-106.6055534
193,Athens-Clarke County,Georgia,119980,33.9519347,-83.357567
194,South Jordan,Utah,59366,40.5621704,-111.929658
195,North Las Vegas,Nevada,226877,36.1988592,-115.1175013
196,Pomona,California,151348,34.055103,-117.7499909
197,Eastvale,California,55191,33.952463,-117.5848025
198,Grove City,Ohio,37490,39.8814519,-83.0929644
199,Lawrence,Kansas,90811,38.9716689,-95.2352501
200,Midland,Texas,123933,31.9973456,-102.0779146
201,Oklahoma City,Oklahoma,610613,35.4675602,-97.5164276
202,Oro Valley,Arizona,41627,32.3909071,-110.966488
203,Mesa,Arizona,457587,33.4151843,-111.8314724
204,Norwalk,Connecticut,87776,41.117744,-73.4081575
205,Kentwood,Michigan,50233,42.8694731,-85.6447492
206,Brookfield,Wisconsin,37999,43.0605671,-88.1064787
207,Rockwall,Texas,40922,32.9312336,-96.4597089
208,Mishawaka,Indiana,47989,41.6619927,-86.1586156
209,Tustin,California,78327,33.7458511,-117.826166
210,St. Cloud,Minnesota,66297,45.5579451,-94.1632404
211,Passaic,New Jersey,70868,40.8567662,-74.1284764
212,Escondido,California,148738,33.1192068,-117.086421
213,San Bruno,California,42443,37.6304904,-122.4110835
214,Berkeley,California,116768,37.8715926,-122.272747
215,San Clemente,California,65040,33.4269728,-117.6119925
216,Lawton,Oklahoma,97151,34.6035669,-98.3959291
217,Eau Claire,Wisconsin,67545,44.811349,-91.4984941
218,Maricopa,Arizona,45508,33.0581063,-112.0476423
219,DeSoto,Texas,51483,32.5896998,-96.8570738
220,Fort Wayne,Indiana,256496,41.079273,-85.1393513
221,Shoreline,Washington,54790,47.7556531,-122.3415178
222,Medford,Massachusetts,57170,42.4184296,-71.1061639
223,La Habra,California,61653,33.9319578,-117.9461734
224,Albany,New York,98424,42.6525793,-73.7562317
225,Daly City,California,104739,37.6879241,-122.4702079
226,Taylor,Michigan,61817,42.240872,-83.2696509
227,Lynchburg,Virginia,78014,37.4137536,-79.1422464
228,Bowie,Maryland,56759,39.0067768,-76.7791365
229,Danbury,Connecticut,83684,41.394817,-73.4540111
230,Charlottesville,Virginia,44349,38.0293059,-78.4766781
231,Coral Gables,Florida,49631,25.72149,-80.2683838
232,Coeur d'Alene,Idaho,46402,47.6776832,-116.7804664
233,El Monte,California,115708,34.0686206,-118.0275667
234,Crystal Lake,Illinois,40388,42.2411344,-88.3161965
235,Danville,California,43341,37.8215929,-121.9999606
236,Goodyear,Arizona,72864,33.4353394,-112.3576567
237,Paterson,New Jersey,145948,40.9167654,-74.171811
238,Salem,Oregon,160614,44.9428975,-123.0350963
239,Kissimmee,Florida,65173,28.2919557,-81.407571
240,Saginaw,Michigan,50303,43.4194699,-83.9508068
241,Brownsville,Texas,181860,25.9017472,-97.4974838
242,Flower Mound,Texas,68609,33.0145673,-97.0969552
243,Grapevine,Texas,50195,32.9342919,-97.0780654
244,Edina,Minnesota,49376,44.8896866,-93.3499489
245,Detroit,Michigan,688701,42.331427,-83.0457538
246,Fairfield,Ohio,42635,39.3454673,-84.5603187
247,Mansfield,Texas,60872,32.5631924,-97.1416768
248,Rochester,New York,210358,43.16103,-77.6109219
249,Birmingham,Alabama,212113,33.5206608,-86.80249
250,Austin,Texas,885400,30.267153,-97.7430608
251,Santa Barbara,California,90412,34.4208305,-119.6981901
252,Addison,Illinois,37385,41.931696,-87.9889556
253,Rio Rancho,New Mexico,91956,35.2327544,-106.6630437
254,Normal,Illinois,54664,40.5142026,-88.9906312
255,Romeoville,Illinois,39650,41.6475306,-88.0895061
256,Coon Rapids,Minnesota,62103,45.1732394,-93.3030063
257,San Mateo,California,101128,37.5629917,-122.3255254
258,Orlando,Florida,255483,28.5383355,-81.3792365
259,Casper,Wyoming,59628,42.866632,-106.313081
260,Bedford,Texas,48592,32.844017,-97.1430671
261,Wilmington,North Carolina,112067,34.2257255,-77.9447102
262,Pinellas Park,Florida,49998,27.8428025,-82.6995443
263,North Miami Beach,Florida,43250,25.9331488,-80.1625463
264,Kansas City,Kansas,148483,39.114053,-94.6274636
265,Fitchburg,Massachusetts,40383,42.5834228,-71.8022955
266,Wheeling,Illinois,38015,42.1391927,-87.9289591
267,Newton,Massachusetts,87971,42.3370413,-71.2092214
268,North Miami,Florida,61007,25.8900949,-80.1867138
269,Norwich,Connecticut,40347,41.5242649,-72.0759105
270,Newark,New Jersey,278427,40.735657,-74.1723667
271,Alexandria,Louisiana,48426,31.3112936,-92.4451371
272,Blaine,Minnesota,60407,45.1607987,-93.2349489
273,Harlingen,Texas,65665,26.1906306,-97.6961026
274,Lompoc,California,43509,34.6391501,-120.4579409
275,Denton,Texas,123099,33.2148412,-97.1330683
276,Galveston,Texas,48733,29.3013479,-94.7976958
277,Greenwood,Indiana,53665,39.6136578,-86.1066526
278,Salinas,California,155662,36.6777372,-121.6555013
279,Miami Gardens,Florida,111378,25.9420377,-80.2456045
280,Huntington,West Virginia,49177,38.4192496,-82.445154
281,Laredo,Texas,248142,27.5305671,-99.4803241
282,Melbourne,Florida,77508,28.0836269,-80.6081089
283,Haltom City,Texas,43580,32.7995738,-97.2691817
284,Palm Bay,Florida,104898,28.0344621,-80.5886646
285,Wilson,North Carolina,49628,35.7212689,-77.9155395
286,Bountiful,Utah,43023,40.8893895,-111.880771
287,Ceres,California,46714,37.5949316,-120.9577098
288,Parma,Ohio,80429,41.4047742,-81.7229086
289,Rapid City,South Dakota,70812,44.0805434,-103.2310149
290,Bell Gardens,California,42889,33.9652918,-118.1514588
291,Commerce City,Colorado,49799,39.8083196,-104.9338675
292,Springfield,Massachusetts,153703,42.1014831,-72.589811
293,Fort Collins,Colorado,152061,40.5852602,-105.084423
294,San Leandro,California,87965,37.7249296,-122.1560768
295,Vista,California,96929,33.2000368,-117.2425355
296,Yonkers,New York,199766,40.9312099,-73.8987469
297,Cincinnati,Ohio,297517,39.1031182,-84.5120196
298,Hagerstown,Maryland,40612,39.6417629,-77.7199932
299,Sanford,Florida,56002,28.8028612,-81.269453
300,Union City,New Jersey,68247,40.6975898,-74.2631635
301,Toledo,Ohio,282313,41.6639383,-83.555212
302,Sierra Vista,Arizona,45129,31.5455001,-110.2772856
303,Newport News,Virginia,182020,37.0870821,-76.4730122
304,Hammond,Indiana,78967,41.5833688,-87.5000412
305,Buffalo Grove,Illinois,41778,42.1662831,-87.9631308
306,Sugar Land,Texas,83860,29.6196787,-95.6349463
307,Huntsville,Alabama,186254,34.7303688,-86.5861037
308,Lodi,California,63338,38.1341477,-121.2722194
309,Edmonds,Washington,40727,47.8106521,-122.3773552
310,Duncanville,Texas,39605,32.6518004,-96.9083366
311,Rocky Mount,North Carolina,56954,35.9382103,-77.7905339
312,Pontiac,Michigan,59887,42.6389216,-83.2910468
313,National City,California,59834,32.6781085,-117.0991967
314,Hayward,California,151574,37.6688205,-122.0807964
315,Niagara Falls,New York,49468,43.0962143,-79.0377388
316,Sparks,Nevada,93282,39.5349112,-119.7526886
317,Hanford,California,54686,36.3274502,-119.6456844
318,Cypress,California,49087,33.8169599,-118.0372852
319,Youngstown,Ohio,65184,41.0997803,-80.6495194
320,Madison,Alabama,45799,34.6992579,-86.7483318
321,Redlands,California,69999,34.0555693,-117.1825381
322,Cape Girardeau,Missouri,38816,37.3058839,-89.5181476
323,Nampa,Idaho,86518,43.5407172,-116.5634624
324,Washington,District of Columbia,646449,38.9071923,-77.0368707
325,Wheaton,Illinois,53648,41.8661403,-88.1070127
326,Lancaster,Texas,38071,32.5920798,-96.7561082
327,Rialto,California,101910,34.1064001,-117.3703235
328,Fargo,North Dakota,113658,46.8771863,-96.7898034
329,Peoria,Illinois,116513,40.6936488,-89.5889864
330,Omaha,Nebraska,434353,41.2523634,-95.9979883
331,Rancho Santa Margarita,California,49228,33.640855,-117.603104
332,Manhattan,Kansas,56143,39.1836082,-96.5716694
333,Palm Springs,California,46281,33.8302961,-116.5452921
334,San Diego,California,1355896,32.715738,-117.1610838
335,Santa Rosa,California,171990,38.440429,-122.7140548
336,Lowell,Massachusetts,108861,42.6334247,-71.3161718
337,Broken Arrow,Oklahoma,103500,36.060949,-95.7974526
338,Kent,Washington,124435,47.3809335,-122.2348431
339,Nashville,Tennessee,634464,36.1626638,-86.7816016
340,Hackensack,New Jersey,44113,40.8859325,-74.0434736
341,Broomfield,Colorado,59471,39.9205411,-105.0866504
342,Durham,North Carolina,245475,35.9940329,-78.898619
343,Wichita,Kansas,386552,37.688889,-97.336111
344,Cathedral City,California,52977,33.7805388,-116.4668036
345,Lakeville,Minnesota,58562,44.6496868,-93.24272
346,Elmhurst,Illinois,45556,41.8994744,-87.9403418
347,Weslaco,Texas,37093,26.1595194,-97.9908366
348,Greenfield,Wisconsin,37159,42.9614039,-88.0125865
349,Sunnyvale,California,147559,37.36883,-122.0363496
350,Santa Cruz,California,62864,36.9741171,-122.0307963
351,Kenosha,Wisconsin,99889,42.5847425,-87.8211854
352,State College,Pennsylvania,41757,40.7933949,-77.8600012
353,Mansfield,Ohio,46454,40.75839,-82.5154471
354,Quincy,Illinois,40915,39.9356016,-91.4098726
355,Pompano Beach,Florida,104410,26.2378597,-80.1247667
356,San Angelo,Texas,97492,31.4637723,-100.4370375
357,Bloomington,Illinois,78902,40.4842027,-88.9936873
358,Tracy,California,84691,37.7396513,-121.4252227
359,Spartanburg,South Carolina,37647,34.9495672,-81.9320482
360,Nashua,New Hampshire,87137,42.7653662,-71.467566
361,Macon,Georgia,89981,32.8406946,-83.6324022
362,Hempstead,New York,55361,40.7062128,-73.6187397
363,Camden,New Jersey,76903,39.9259463,-75.1196199
364,Palm Desert,California,50508,33.7222445,-116.3744556
365,Streamwood,Illinois,40351,42.0255827,-88.1784085
366,Chesapeake,Virginia,230571,36.7682088,-76.2874927
367,Dublin,Ohio,43607,40.0992294,-83.1140771
368,Camarillo,California,66086,34.2163937,-119.0376023
369,Muskegon,Michigan,37213,43.2341813,-86.2483921
370,Elizabeth,New Jersey,127558,40.6639916,-74.2107006
371,Anchorage,Alaska,300950,61.2180556,-149.9002778
372,Minot,North Dakota,46321,48.2329668,-101.2922906
373,Davie,Florida,96830,26.0764783,-80.2521157
374,McAllen,Texas,136639,26.2034071,-98.2300124
375,McKinney,Texas,148559,33.1972465,-96.6397822
376,Killeen,Texas,137147,31.1171194,-97.7277959
377,Findlay,Ohio,41512,41.04422,-83.6499321
378,Oakland,California,406253,37.8043637,-122.2711137
379,Mountain View,California,77846,37.3860517,-122.0838511
380,Lake Elsinore,California,57525,33.6680772,-117.3272615
381,Amarillo,Texas,196429,35.2219971,-101.8312969
382,Provo,Utah,116288,40.2338438,-111.6585337
383,Atlanta,Georgia,447841,33.7489954,-84.3879824
384,Monterey Park,California,61085,34.0625106,-118.1228476
385,Strongsville,Ohio,44730,41.3144966,-81.83569
386,Madera,California,63105,36.9613356,-120.0607176
387,Decatur,Illinois,74710,39.8403147,-88.9548001
388,Woonsocket,Rhode Island,41026,42.0028761,-71.5147839
389,Mobile,Alabama,194899,30.6953657,-88.0398912
390,Vallejo,California,118837,38.1040864,-122.2566367
391,Arcadia,California,57639,34.1397292,-118.0353449
392,Collierville,Tennessee,47333,35.042036,-89.6645266
393,Jefferson City,Missouri,43330,38.5767017,-92.1735164
394,Longview,Texas,81443,32.5007037,-94.7404891
395,Chandler,Arizona,249146,33.3061605,-111.8412502
396,Arvada,Colorado,111707,39.8027644,-105.0874842
397,Alhambra,California,84577,34.095287,-118.1270146
398,Kokomo,Indiana,56895,40.486427,-86.1336033
399,Oakland Park,Florida,43286,26.1723065,-80.1319893
400,Indianapolis,Indiana,843393,39.768403,-86.158068
401,Boynton Beach,Florida,71097,26.5317866,-80.0905465
402,Apache Junction,Arizona,37130,33.4150485,-111.5495777
403,Mount Prospect,Illinois,54771,42.0664167,-87.9372908
404,Cranston,Rhode Island,80566,41.7798226,-71.4372796
405,Lafayette,Indiana,70373,40.4167022,-86.8752869
406,Olathe,Kansas,131885,38.8813958,-94.8191285
407,Johns Creek,Georgia,82788,34.0289259,-84.198579
408,Greensboro,North Carolina,279639,36.0726354,-79.7919754
409,Kalamazoo,Michigan,75548,42.2917069,-85.5872286
410,Tigard,Oregon,50444,45.4312294,-122.7714861
411,Jacksonville,North Carolina,69079,34.7540524,-77.4302414
412,Citrus Heights,California,85285,38.7071247,-121.2810611
413,Tuscaloosa,Alabama,95334,33.2098407,-87.5691735
414,Ankeny,Iowa,51567,41.7317884,-93.6001278
415,Hawthorne,California,86199,33.9164032,-118.3525748
416,Hoover,Alabama,84126,33.4053867,-86.8113781
417,Delray Beach,Florida,64072,26.4614625,-80.0728201
418,Wellington,Florida,60202,26.6617635,-80.2683571
419,Bullhead City,Arizona,39383,35.1359386,-114.5285981
420,Weston,Florida,68388,26.1003654,-80.3997748
421,Troy,Michigan,82821,42.6064095,-83.1497751
422,New Rochelle,New York,79446,40.9114882,-73.7823549
423,Stockton,California,298118,37.9577016,-121.2907796
424,Royal Oak,Michigan,58946,42.4894801,-83.1446485
425,Titusville,Florida,44206,28.6122187,-80.8075537
426,Laguna Niguel,California,64652,33.5225261,-117.7075526
427,Spokane Valley,Washington,91113,47.6732281,-117.2393748
428,Costa Mesa,California,112174,33.6411316,-117.9186689
429,Grand Prairie,Texas,183372,32.7459645,-96.9977846
430,Portsmouth,Virginia,96205,36.8354258,-76.2982742
431,Lacey,Washington,44919,47.0342629,-122.8231915
432,Apex,North Carolina,42214,35.732652,-78.8502856
433,Sioux City,Iowa,82459,42.4999942,-96.4003069
434,Encinitas,California,61588,33.0369867,-117.2919818
435,Spanish Fork,Utah,36956,40.114955,-111.654923
436,Huntington Park,California,58879,33.9816812,-118.2250725
437,Eden Prairie,Minnesota,62603,44.8546856,-93.470786
438,Peoria,Arizona,162592,33.5805955,-112.2373779
439,Tempe,Arizona,168228,33.4255104,-111.9400054
440,Wilmington,Delaware,71525,39.7390721,-75.5397878
441,Taylorsville,Utah,60519,40.6677248,-111.9388258
442,Westland,Michigan,82578,42.324204,-83.400211
443,Mesquite,Texas,143484,32.7667955,-96.5991593
444,Burlington,North Carolina,51510,36.0956918,-79.4377991
445,Garland,Texas,234566,32.912624,-96.6388833
446,Richmond,California,107571,37.9357576,-122.3477486
447,Bismarck,North Dakota,67034,46.8083268,-100.7837392
448,Carson City,Nevada,54080,39.1637984,-119.7674034
449,Muskogee,Oklahoma,38863,35.7478769,-95.3696909
450,Augusta-Richmond County,Georgia,197350,33.4734978,-82.0105148
451,Fayetteville,North Carolina,204408,35.0526641,-78.8783585
452,Albany,Georgia,76185,31.5785074,-84.155741
453,Sayreville,New Jersey,44412,40.4594021,-74.360846
454,Newark,California,44096,37.5296593,-122.0402399
455,Diamond Bar,California,56449,34.0286226,-117.8103367
456,Decatur,Alabama,55816,34.6059253,-86.9833417
457,Chattanooga,Tennessee,173366,35.0456297,-85.3096801
458,Jeffersonville,Indiana,45929,38.2775702,-85.7371847
459,Bartlett,Illinois,41679,41.9950276,-88.1856301
460,Baldwin Park,California,76635,34.0852868,-117.9608978
461,Miami Beach,Florida,91026,25.790654,-80.1300455
462,Jackson,Tennessee,67685,35.6145169,-88.8139469
463,Port Arthur,Texas,54135,29.8849504,-93.939947
464,San Luis Obispo,California,46377,35.2827524,-120.6596156
465,Burleson,Texas,40714,32.5420821,-97.3208492
466,Newport Beach,California,87273,33.6189101,-117.9289469
467,Riverton,Utah,40921,40.521893,-111.9391023
468,Yakima,Washington,93257,46.6020711,-120.5058987
469,Dayton,Ohio,143355,39.7589478,-84.1916069
470,Gulfport,Mississippi,71012,30.3674198,-89.0928155
471,Long Beach,California,469428,33.7700504,-118.1937395
472,Chico,California,88077,39.7284944,-121.8374777
473,Hattiesburg,Mississippi,47556,31.3271189,-89.2903392
474,Eugene,Oregon,159190,44.0520691,-123.0867536
475,Colton,California,53243,34.0739016,-117.3136547
476,Montebello,California,63495,34.0165053,-118.1137535
477,Pleasanton,California,74110,37.6624312,-121.8746789
478,Everett,Washington,105370,47.9789848,-122.2020794
479,Hutchinson,Kansas,41889,38.0608445,-97.9297743
480,Fairfield,California,109320,38.2493581,-122.0399663
481,Avondale,Arizona,78822,33.4355977,-112.3496021
482,Euclid,Ohio,48139,41.5931049,-81.5267873
483,Battle Creek,Michigan,51848,42.3211522,-85.1797142
484,Bloomington,Minnesota,86319,44.840798,-93.2982799
485,Rock Island,Illinois,38877,41.5094771,-90.5787476
486,Beaverton,Oregon,93542,45.487062,-122.8037102
487,Kenner,Louisiana,66975,29.9940924,-90.2417434
488,Clovis,New Mexico,39508,34.4047987,-103.2052272
489,Troy,New York,49974,42.7284117,-73.6917851
490,Milpitas,California,69783,37.4323341,-121.8995741
491,Des Plaines,Illinois,58918,42.0333623,-87.8833991
492,Placentia,California,52206,33.8722371,-117.8703363
493,Taunton,Massachusetts,56069,41.900101,-71.0897674
494,Montclair,California,38027,34.0775104,-117.6897776
495,Johnson City,Tennessee,65123,36.3134397,-82.3534727
496,Savannah,Georgia,142772,32.0835407,-81.0998342
497,Warren,Ohio,40768,41.2375569,-80.8184166
498,Vancouver,Washington,167405,45.6387281,-122.6614861
499,Sunrise,Florida,90116,26.1669711,-80.256595
500,Muncie,Indiana,70316,40.1933767,-85.3863599
501,Lehi,Utah,54382,40.3916172,-111.8507662
502,San Francisco,California,837442,37.7749295,-122.4194155
503,Fontana,California,203003,34.0922335,-117.435048
504,Frisco,Texas,136791,33.1506744,-96.8236116
505,Chino Hills,California,76572,33.9898188,-117.7325848
506,Poway,California,49417,32.9628232,-117.0358646
507,Huber Heights,Ohio,38142,39.843947,-84.1246608
508,New Brunswick,New Jersey,55831,40.4862157,-74.4518188
509,Norfolk,Virginia,246139,36.8507689,-76.2858726
510,Hillsboro,Oregon,97368,45.5228939,-122.989827
511,San Jacinto,California,45851,33.7839084,-116.958635
512,Pensacola,Florida,52703,30.421309,-87.2169149
513,Hamilton,Ohio,62258,39.3995008,-84.5613355
514,Florence,South Carolina,37792,34.1954331,-79.7625625
515,San Bernardino,California,213708,34.1083449,-117.2897652
516,Peachtree Corners,Georgia,40059,33.9698929,-84.2214551
517,Victorville,California,121096,34.5362184,-117.2927641
518,Gary,Indiana,78450,41.5933696,-87.3464271
519,Casa Grande,Arizona,50111,32.8795022,-111.7573521
520,Morgan Hill,California,40836,37.1305012,-121.6543901
521,Dubuque,Iowa,58253,42.5005583,-90.6645718
522,Syracuse,New York,144669,43.0481221,-76.1474244
523,Clarksville,Tennessee,142357,36.5297706,-87.3594528
524,Lakeland,Florida,100710,28.0394654,-81.9498042
525,Valley Stream,New York,37659,40.6642699,-73.7084645
526,Dover,Delaware,37366,39.158168,-75.5243682
527,Moorhead,Minnesota,39398,46.8737648,-96.7678039
528,Culver City,California,39428,34.0211224,-118.3964665
529,Palatine,Illinois,69350,42.1103041,-88.03424
530,Seattle,Washington,652405,47.6062095,-122.3320708
531,Covington,Kentucky,40956,39.0836712,-84.5085536
532,Elk Grove,California,161007,38.4087993,-121.3716178
533,Shreveport,Louisiana,200327,32.5251516,-93.7501789
534,Ogden,Utah,84249,41.223,-111.9738304
535,Harrisonburg,Virginia,51395,38.4495688,-78.8689155
536,Inglewood,California,111542,33.9616801,-118.3531311
537,Pasadena,California,139731,34.1477849,-118.1445155
538,Lawrence,Massachusetts,77657,42.7070354,-71.1631137
539,Lake Oswego,Oregon,37610,45.4206749,-122.6706498
540,Petaluma,California,59440,38.232417,-122.6366524
541,Springfield,Ohio,59357,39.9242266,-83.8088171
542,Napa,California,79068,38.2975381,-122.286865
543,Aurora,Colorado,345803,39.7294319,-104.8319195
544,Duluth,Minnesota,86128,46.7866719,-92.1004852
545,Roanoke,Virginia,98465,37.2709704,-79.9414266
546,Bend,Oregon,81236,44.0581728,-121.3153096
547,Apple Valley,California,70924,34.5008311,-117.1858759
548,Waltham,Massachusetts,62227,42.3764852,-71.2356113
549,Fort Myers,Florida,68190,26.640628,-81.8723084
550,Tampa,Florida,352957,27.950575,-82.4571776
551,Upland,California,75413,34.09751,-117.6483876
552,Danville,Virginia,42907,36.5859718,-79.3950228
553,Beloit,Wisconsin,36888,42.5083482,-89.0317765
554,Plantation,Florida,90268,26.1275862,-80.2331036
555,Colorado Springs,Colorado,439886,38.8338816,-104.8213634
556,Modesto,California,204933,37.6390972,-120.9968782
557,Grand Rapids,Michigan,192294,42.9633599,-85.6680863
558,Oak Park,Illinois,52066,41.8850317,-87.7845025
559,Sarasota,Florida,53326,27.3364347,-82.5306527
560,Jurupa Valley,California,98030,33.9971974,-117.4854802
561,Bellflower,California,77593,33.8816818,-118.1170117
562,Boulder,Colorado,103166,40.0149856,-105.2705456
563,Santa Fe,New Mexico,69976,35.6869752,-105.937799
564,Coachella,California,43092,33.6803003,-116.173894
565,Marlborough,Massachusetts,39414,42.3459271,-71.5522874
566,Riverside,California,316619,33.9533487,-117.3961564
567,Palmdale,California,157161,34.5794343,-118.1164613
568,Novato,California,54194,38.1074198,-122.5697032
569,Layton,Utah,70790,41.0602216,-111.9710529
570,Bolingbrook,Illinois,73936,41.6986416,-88.0683955
571,Mission Viejo,California,96346,33.6000232,-117.6719953
572,Glenview,Illinois,45417,42.0697509,-87.7878408
573,Lincoln,California,45237,38.891565,-121.2930079
574,Folsom,California,73098,38.6779591,-121.1760583
575,Prescott Valley,Arizona,39791,34.6100243,-112.315721
576,Las Cruces,New Mexico,101324,32.3199396,-106.7636538
577,Bozeman,Montana,39860,45.6769979,-111.0429339
578,Schaumburg,Illinois,74907,42.0333607,-88.0834059
579,Warren,Michigan,134873,42.5144566,-83.0146526
580,St. Peters,Missouri,54842,38.7874699,-90.6298922
581,Ames,Iowa,61792,42.034722,-93.62
582,Surprise,Arizona,123546,33.6292337,-112.3679279
583,Richardson,Texas,104475,32.9483335,-96.7298519
584,Midland,Michigan,42181,43.6155825,-84.2472116
585,San Marcos,Texas,54076,29.8832749,-97.9413941
586,Wilkes-Barre,Pennsylvania,41108,41.2459149,-75.8813075
587,Appleton,Wisconsin,73596,44.2619309,-88.4153847
588,Shawnee,Kansas,64323,39.0228485,-94.7151865
589,Mentor,Ohio,46979,41.6661573,-81.339552
590,Livermore,California,85156,37.6818745,-121.7680088
591,Charlotte,North Carolina,792862,35.2270869,-80.8431267
592,Owensboro,Kentucky,58416,37.7719074,-87.1111676
593,Jupiter,Florida,58298,26.9342246,-80.0942087
594,Rohnert Park,California,41398,38.3396367,-122.7010984
595,Chicago,Illinois,2718782,41.8781136,-87.6297982
596,Billings,Montana,109059,45.7832856,-108.5006904
597,Wauwatosa,Wisconsin,47134,43.0494572,-88.0075875
598,Lombard,Illinois,43907,41.8800296,-88.0078435
599,New Haven,Connecticut,130660,41.308274,-72.9278835
600,York,Pennsylvania,43935,39.9625984,-76.727745
601,Knoxville,Tennessee,183270,35.9606384,-83.9207392
602,Elyria,Ohio,53956,41.3683798,-82.1076486
603,Barnstable Town,Massachusetts,44641,41.7003208,-70.3002024
604,Murray,Utah,48612,40.6668916,-111.8879909
605,Alameda,California,76419,37.7652065,-122.2416355
606,Manteca,California,71948,37.7974273,-121.2160526
607,Maplewood,Minnesota,39765,44.9530215,-92.9952153
608,Medford,Oregon,77677,42.3265152,-122.8755949
609,Murfreesboro,Tennessee,117044,35.8456213,-86.39027
610,Yuba City,California,65416,39.1404477,-121.6169108
611,Shelton,Connecticut,40999,41.3164856,-73.0931641
612,Cedar Falls,Iowa,40566,42.5348993,-92.4453161
613,Germantown,Tennessee,39375,35.0867577,-89.8100858
614,Scranton,Pennsylvania,75806,41.408969,-75.6624122
615,Auburn,Alabama,58582,32.6098566,-85.4807825
616,Manassas,Virginia,41705,38.7509488,-77.4752667
617,Vacaville,California,94275,38.3565773,-121.9877444
618,Santa Monica,California,92472,34.0194543,-118.4911912
619,Suffolk,Virginia,85728,36.7282054,-76.5835621
620,Rochester Hills,Michigan,72952,42.6583661,-83.1499322
621,La Quinta,California,39331,33.6633573,-116.3100095
622,Charleston,West Virginia,50821,38.3498195,-81.6326234
623,Delano,California,52403,35.7688425,-119.2470536
624,St. Cloud,Florida,40918,28.2489016,-81.2811801
625,Charleston,South Carolina,127999,32.7764749,-79.9310512
626,Kannapolis,North Carolina,44359,35.4873613,-80.6217341
627,Corona,California,159503,33.8752935,-117.5664384
628,Rocklin,California,59738,38.7907339,-121.2357828
629,Lee's Summit,Missouri,93184,38.9108408,-94.3821724
630,Palm Coast,Florida,78740,29.5844524,-81.2078699
631,Sandy,Utah,90231,40.5649781,-111.8389726
632,Bentonville,Arkansas,40167,36.3728538,-94.2088172
633,Santa Clarita,California,179590,34.3916641,-118.542586
634,Altamonte Springs,Florida,42150,28.6611089,-81.3656242
635,New Braunfels,Texas,63279,29.7030024,-98.1244531
636,Memphis,Tennessee,653450,35.1495343,-90.0489801
637,Irving,Texas,228653,32.8140177,-96.9488945
638,Alexandria,Virginia,148892,38.8048355,-77.0469214
639,Hesperia,California,92147,34.4263886,-117.3008784
640,Holyoke,Massachusetts,40249,42.2042586,-72.6162009
641,Dunwoody,Georgia,47591,33.9462125,-84.3346473
642,Skokie,Illinois,65176,42.0324025,-87.7416246
643,Kearny,New Jersey,41664,40.7684342,-74.1454214
644,Bethlehem,Pennsylvania,75018,40.6259316,-75.3704579
645,St. Joseph,Missouri,77147,39.7674578,-94.846681
646,Redondo Beach,California,67815,33.8491816,-118.3884078
647,Houston,Texas,2195914,29.7604267,-95.3698028
648,Temecula,California,106780,33.4936391,-117.1483648
649,Ann Arbor,Michigan,117025,42.2808256,-83.7430378
650,Beaumont,Texas,117796,30.080174,-94.1265562
651,East Lansing,Michigan,48554,42.7369792,-84.4838654
652,Santee,California,56105,32.8383828,-116.9739167
653,Tamarac,Florida,63155,26.2128609,-80.2497707
654,Bellevue,Nebraska,53663,41.1543623,-95.9145568
655,Pembroke Pines,Florida,162329,26.007765,-80.2962555
656,Springdale,Arkansas,75229,36.1867442,-94.1288141
657,Oxnard,California,203007,34.1975048,-119.1770516
658,Odessa,Texas,110720,31.8456816,-102.3676431
659,Stillwater,Oklahoma,47186,36.1156071,-97.0583681
660,Brockton,Massachusetts,94089,42.0834335,-71.0183787
661,Bayonne,New Jersey,65028,40.6687141,-74.1143091
662,Paramount,California,54980,33.8894598,-118.1597911
663,Moline,Illinois,43116,41.5067003,-90.5151342
664,Meridian,Mississippi,40921,32.3643098,-88.703656
665,Cleveland,Tennessee,42774,35.1595182,-84.8766115
666,Jersey City,New Jersey,257342,40.7281575,-74.0776417
667,St. Paul,Minnesota,294873,44.9537029,-93.0899578
668,Deltona,Florida,86290,28.9005446,-81.2636738
669,Freeport,New York,43167,40.6576022,-73.5831835
670,Iowa City,Iowa,71591,41.6611277,-91.5301683
671,Anaheim,California,345012,33.8352932,-117.9145036
672,Apple Valley,Minnesota,50201,44.7319094,-93.21772
673,Great Falls,Montana,59351,47.4941836,-111.2833449
674,West Valley City,Utah,133579,40.6916132,-112.0010501
675,Hampton,Virginia,136699,37.0298687,-76.3452218
676,Georgetown,Texas,54898,30.6332618,-97.6779842
677,Orem,Utah,91648,40.2968979,-111.6946475
678,Monrovia,California,37101,34.1442616,-118.0019482
679,Keller,Texas,42907,32.9341893,-97.229298
680,Goose Creek,South Carolina,39823,32.9810059,-80.0325867
681,Little Rock,Arkansas,197357,34.7464809,-92.2895948
682,Santa Ana,California,334227,33.7455731,-117.8678338
683,White Plains,New York,57866,41.0339862,-73.7629097
684,Idaho Falls,Idaho,58292,43.4916514,-112.0339645
685,Bellevue,Washington,133992,47.610377,-122.2006786
686,Roseville,California,127035,38.7521235,-121.2880059
687,Perth Amboy,New Jersey,51982,40.5067723,-74.2654234
688,Peabody,Massachusetts,52044,42.5278731,-70.9286609
689,Grand Island,Nebraska,50550,40.9263957,-98.3420118
690,Columbia,Missouri,115276,38.9517053,-92.3340724
691,Racine,Wisconsin,78199,42.7261309,-87.7828523
692,Carmel,Indiana,85927,39.978371,-86.1180435
693,Portage,Michigan,47523,42.2011538,-85.5800022
694,Middletown,Ohio,48630,39.5150576,-84.3982763
695,Woodland,California,56590,38.6785157,-121.7732971
696,Revere,Massachusetts,53756,42.4084302,-71.0119948
697,Euless,Texas,53224,32.8370727,-97.0819541
698,Arlington Heights,Illinois,75994,42.0883603,-87.9806265
699,Hemet,California,81750,33.7475203,-116.9719684
700,High Point,North Carolina,107741,35.9556923,-80.0053176
701,Newark,Ohio,47777,40.0581205,-82.4012642
702,Midwest City,Oklahoma,56756,35.4495065,-97.3967019
703,San Marcos,California,89387,33.1433723,-117.1661449
704,Port Orange,Florida,57203,29.1383165,-80.9956105
705,Lakewood,California,81121,33.8536269,-118.1339563
706,Westerville,Ohio,37530,40.1261743,-82.9290696
707,Rockford,Illinois,150251,42.2711311,-89.0939952
708,El Cajon,California,102211,32.7947731,-116.9625269
709,St. Petersburg,Florida,249688,27.773056,-82.64
710,Downers Grove,Illinois,49670,41.8089191,-88.0111746
711,Milford,Connecticut,51644,41.2306979,-73.064036
712,Albany,Oregon,51583,44.6365107,-123.1059282
713,Las Vegas,Nevada,603488,36.1699412,-115.1398296
714,Pasadena,Texas,152735,29.6910625,-95.2091006
715,Port St. Lucie,Florida,171016,27.2730492,-80.3582261
716,Cedar Rapids,Iowa,128429,41.9778795,-91.6656232
717,Ormond Beach,Florida,38661,29.2858129,-81.0558894
718,Quincy,Massachusetts,93494,42.2528772,-71.0022705
719,Miramar,Florida,130288,25.9860762,-80.3035602
720,El Paso,Texas,674433,31.7775757,-106.4424559
721,Topeka,Kansas,127679,39.0558235,-95.6890185
722,Rosemead,California,54561,34.0805651,-118.072846
723,Keizer,Oregon,37064,44.9901194,-123.0262077
724,Minnetonka,Minnesota,51368,44.9211836,-93.4687489
725,Akron,Ohio,198100,41.0814447,-81.5190053
726,Edinburg,Texas,80836,26.3017374,-98.1633432
727,Rancho Cucamonga,California,171386,34.1063989,-117.5931084
728,North Charleston,South Carolina,104054,32.8546197,-79.9748103
729,Louisville,Kentucky,609893,38.2526647,-85.7584557
730,Watsonville,California,52477,36.910231,-121.7568946
731,Coconut Creek,Florida,56792,26.2517482,-80.1789351
732,Bradenton,Florida,51763,27.4989278,-82.5748194
733,Carlsbad,California,110972,33.1580933,-117.3505939
734,Texas City,Texas,46081,29.383845,-94.9027002
735,Redding,California,91119,40.5865396,-122.3916754
736,Wyoming,Michigan,74100,42.9133602,-85.7053085
737,Lorain,Ohio,63710,41.452819,-82.1823746
738,Roy,Utah,37733,41.1616108,-112.0263313
739,Fort Lauderdale,Florida,172389,26.1224386,-80.1373174
740,Warner Robins,Georgia,72531,32.6130007,-83.624201
741,Clearwater,Florida,109703,27.9658533,-82.8001026
742,Cutler Bay,Florida,43328,25.5808323,-80.3468593
743,Florence,Alabama,40059,34.79981,-87.677251
744,Terre Haute,Indiana,61025,39.4667034,-87.4139092
745,Temple,Texas,70190,31.0982344,-97.342782
746,Beavercreek,Ohio,45712,39.7092262,-84.0632685
747,Sioux Falls,South Dakota,164676,43.5445959,-96.7311034
748,Columbus,Indiana,45775,39.2014404,-85.9213796
749,Margate,Florida,55456,26.2445263,-80.206436
750,Leominster,Massachusetts,41002,42.5250906,-71.759794
751,Warwick,Rhode Island,81971,41.7001009,-71.4161671
752,Bakersfield,California,363630,35.3732921,-119.0187125
753,Miami,Florida,417650,25.7616798,-80.1917902
754,Lake Charles,Louisiana,74024,30.2265949,-93.2173758
755,Richland,Washington,52413,46.2856907,-119.2844621
756,Hickory,North Carolina,40361,35.7344538,-81.3444573
757,South San Francisco,California,66174,37.654656,-122.4077498
758,Plymouth,Minnesota,73987,45.0105194,-93.4555093
759,South Bend,Indiana,100886,41.6763545,-86.2519898
760,Edmond,Oklahoma,87004,35.6528323,-97.4780954
761,Des Moines,Iowa,207510,41.6005448,-93.6091064
762,Bonita Springs,Florida,47547,26.339806,-81.7786972
763,Draper,Utah,45285,40.5246711,-111.8638226
764,Whittier,California,86635,33.9791793,-118.032844
765,Livonia,Michigan,95208,42.36837,-83.3527097
766,Milwaukee,Wisconsin,599164,43.0389025,-87.9064736
767,Auburn,Washington,74860,47.3073228,-122.2284532
768,Sumter,South Carolina,41190,33.9204354,-80.3414693
769,Beverly,Massachusetts,40664,42.5584283,-70.880049
770,Renton,Washington,97003,47.4828776,-122.2170661
771,Centennial,Colorado,106114,39.5807452,-104.8771726
772,Richmond,Virginia,214114,37.5407246,-77.4360481
773,Anderson,Indiana,55670,40.1053196,-85.6802541
774,Beaumont,California,40481,33.9294606,-116.977248
775,Pflugerville,Texas,53752,30.4393696,-97.6200043
776,Hoboken,New Jersey,52575,40.7439905,-74.0323626
777,Lexington-Fayette,Kentucky,308428,38.0405837,-84.5037164
778,Norwalk,California,106589,33.9022367,-118.081733
779,Yuma,Arizona,91923,32.6926512,-114.6276916
780,Highland,California,54291,34.1283442,-117.2086513
781,Carol Stream,Illinois,40379,41.9125286,-88.1347927
782,Joliet,Illinois,147806,41.525031,-88.0817251
783,Rock Hill,South Carolina,69103,34.9248667,-81.0250784
784,Rancho Cordova,California,67911,38.5890723,-121.302728
785,Dearborn Heights,Michigan,56620,42.3369816,-83.2732627
786,Honolulu,Hawaii,347884,21.3069444,-157.8583333
787,Victoria,Texas,65098,28.8052674,-97.0035982
788,Attleboro,Massachusetts,43886,41.9445441,-71.2856082
789,Wylie,Texas,44575,33.0151201,-96.5388789
790,Carrollton,Texas,126700,32.9756415,-96.8899636
791,Plainfield,Illinois,41734,41.632223,-88.2120315
792,Hoffman Estates,Illinois,52398,42.0629915,-88.1227199
793,Methuen,Massachusetts,48514,42.7262016,-71.1908924
794,North Port,Florida,59212,27.044224,-82.2359254
795,Rockville,Maryland,64072,39.0839973,-77.1527578
796,Burbank,California,104709,34.1808392,-118.3089661
797,Fullerton,California,138981,33.8703596,-117.9242966
798,Oshkosh,Wisconsin,66778,44.0247062,-88.5426136
799,Huntsville,Texas,39795,30.7235263,-95.5507771
800,Farmington Hills,Michigan,81295,42.4989936,-83.3677168
801,Pico Rivera,California,63771,33.9830688,-118.096735
802,Cerritos,California,49707,33.8583483,-118.0647871
803,La Puente,California,40435,34.0200114,-117.9495083
804,Grand Junction,Colorado,59778,39.0638705,-108.5506486
805,Enid,Oklahoma,50725,36.3955891,-97.8783911
806,San Jose,California,998537,37.3382082,-121.8863286
807,Round Rock,Texas,109821,30.5082551,-97.678896
808,Maple Grove,Minnesota,65415,45.0724642,-93.4557877
809,Norman,Oklahoma,118197,35.2225668,-97.4394777
810,Homestead,Florida,64079,25.4687224,-80.4775569
811,Friendswood,Texas,37587,29.5293998,-95.2010447
812,Irvine,California,236716,33.6839473,-117.7946942
813,Pocatello,Idaho,54350,42.8713032,-112.4455344
814,Pacifica,California,38606,37.6138253,-122.4869194
815,Sheboygan,Wisconsin,48725,43.7508284,-87.71453
816,Bossier City,Louisiana,66333,32.5159852,-93.7321228
817,Cedar Park,Texas,61238,30.505198,-97.8202888
818,Sandy Springs,Georgia,99770,33.9304352,-84.3733147
819,Champaign,Illinois,83424,40.1164204,-88.2433829
820,Clifton,New Jersey,85390,40.8584328,-74.1637553
821,Moore,Oklahoma,58414,35.3395079,-97.4867028
822,Blue Springs,Missouri,53294,39.0169509,-94.2816148
823,Lancaster,California,159523,34.6867846,-118.1541632
824,Bryan,Texas,78709,30.6743643,-96.3699632
825,Hurst,Texas,38448,32.8234621,-97.1705678
826,Cape Coral,Florida,165831,26.5628537,-81.9495331
827,Cupertino,California,60189,37.3229978,-122.0321823
828,Pittsfield,Massachusetts,44057,42.4500845,-73.2453824
829,Gilroy,California,51701,37.0057816,-121.5682751
830,Manchester,New Hampshire,110378,42.9956397,-71.4547891
831,Virginia Beach,Virginia,448479,36.8529263,-75.977985
832,Salina,Kansas,47846,38.8402805,-97.6114237
833,Somerville,Massachusetts,78804,42.3875968,-71.0994968
834,Largo,Florida,78409,27.9094665,-82.7873244
835,Fresno,California,509924,36.7468422,-119.7725868
836,Phenix City,Alabama,37498,32.4709761,-85.0007653
837,Berwyn,Illinois,56758,41.8505874,-87.7936685
838,Palm Beach Gardens,Florida,50699,26.8233946,-80.1386547
839,Pawtucket,Rhode Island,71172,41.878711,-71.3825558
840,San Gabriel,California,40275,34.0961111,-118.1058333
841,Winston-Salem,North Carolina,236441,36.0998596,-80.244216
842,Alpharetta,Georgia,62298,34.0753762,-84.2940899
843,O'Fallon,Missouri,82809,38.8106075,-90.6998477
844,Redwood City,California,80872,37.4852152,-122.2363548
845,Union City,California,72528,37.5933918,-122.0438298
846,Hallandale Beach,Florida,38632,25.9812024,-80.148379
847,Mankato,Minnesota,40641,44.1635775,-93.9993996
848,Aliso Viejo,California,50175,33.5676842,-117.7256083
849,Menifee,California,83447,33.6971468,-117.185294
850,Loveland,Colorado,71334,40.3977612,-105.0749801
851,Carpentersville,Illinois,38241,42.1211364,-88.2578582
852,Providence,Rhode Island,177994,41.8239891,-71.4128343
853,Hialeah,Florida,233394,25.8575963,-80.2781057
854,San Ramon,California,74513,37.7799273,-121.9780153
855,Ontario,California,167500,34.0633443,-117.6508876
856,Kirkland,Washington,84430,47.6814875,-122.2087353
857,St. George,Utah,76817,37.0965278,-113.5684164
858,Hilton Head Island,South Carolina,39412,32.216316,-80.752608
859,Glendale,California,196021,34.1425078,-118.255075
860,Meriden,Connecticut,60456,41.5381535,-72.8070435
861,Gardena,California,59957,33.8883487,-118.3089624
862,Westfield,Massachusetts,41301,42.1250929,-72.749538
863,Elgin,Illinois,110145,42.0354084,-88.2825668
864,Plano,Texas,274409,33.0198431,-96.6988856
865,Longmont,Colorado,89919,40.1672068,-105.1019275
866,Coppell,Texas,40342,32.9545687,-97.0150078
867,Lakewood,Ohio,51143,41.4819932,-81.7981908
868,Jonesboro,Arkansas,71551,35.8422967,-90.704279
869,College Station,Texas,100050,30.627977,-96.3344068
870,Dearborn,Michigan,95884,42.3222599,-83.1763145
871,Utica,New York,61808,43.100903,-75.232664
872,Monroe,Louisiana,49761,32.5093109,-92.1193012
873,Baltimore,Maryland,622104,39.2903848,-76.6121893
874,Springfield,Missouri,164122,37.2089572,-93.2922989
875,Pine Bluff,Arkansas,46094,34.2284312,-92.0031955
876,Plainfield,New Jersey,50588,40.6337136,-74.4073736
877,Lynn,Massachusetts,91589,42.466763,-70.9494938
878,Woodbury,Minnesota,65656,44.9238552,-92.9593797
879,Gainesville,Florida,127488,29.6516344,-82.3248262
880,West Sacramento,California,49891,38.5804609,-121.530234
881,Sammamish,Washington,50169,47.6162683,-122.0355736
882,Aventura,Florida,37199,25.9564812,-80.1392121
883,Fayetteville,Arkansas,78960,36.0625795,-94.1574263
884,San Rafael,California,58994,37.9735346,-122.5310874
885,Conway,Arkansas,63816,35.0886963,-92.4421011
886,Tacoma,Washington,203446,47.2528768,-122.4442906
887,Middletown,Connecticut,47333,41.5623209,-72.6506488
888,Burlington,Vermont,42284,44.4758825,-73.212072
889,Twin Falls,Idaho,45981,42.5629668,-114.4608711
890,Sherman,Texas,39296,33.6356618,-96.6088805
891,New York,New York,8405837,40.7127837,-74.0059413
892,Simi Valley,California,126181,34.2694474,-118.781482
893,West Covina,California,107740,34.0686208,-117.9389526
894,Castle Rock,Colorado,53063,39.3722121,-104.8560902
895,Valdosta,Georgia,56481,30.8327022,-83.2784851
896,Fort Worth,Texas,792727,32.7554883,-97.3307658
897,Carson,California,92599,33.8316745,-118.281693
898,Evansville,Indiana,120310,37.9715592,-87.5710898
899,Santa Maria,California,102216,34.9530337,-120.4357191
900,Brentwood,Tennessee,40021,36.0331164,-86.7827772
901,La Mesa,California,58642,32.7678287,-117.0230839
902,Westminster,Colorado,110945,39.8366528,-105.0372046
903,Reading,Pennsylvania,87893,40.3356483,-75.9268747
904,Turlock,California,70365,37.4946568,-120.8465941
905,Greeley,Colorado,96539,40.4233142,-104.7091322
906,Tyler,Texas,100223,32.3512601,-95.3010624
907,Winter Garden,Florida,37711,28.5652787,-81.5861847
908,Waco,Texas,129030,31.549333,-97.1466695
909,Martinez,California,37165,38.0193657,-122.1341321
910,Thousand Oaks,California,128731,34.1705609,-118.8375937
911,Azusa,California,47842,34.1336186,-117.9075627
912,Bridgeport,Connecticut,147216,41.1865478,-73.1951767
913,St. Louis Park,Minnesota,47411,44.9597376,-93.3702186
914,Chesterfield,Missouri,47749,38.6631083,-90.5770675
915,Greenacres,Florida,38696,26.6276276,-80.1353896
916,Pasco,Washington,67599,46.2395793,-119.1005657
917,Torrance,California,147478,33.8358492,-118.3406288
918,Madison,Wisconsin,243344,43.0730517,-89.4012302
919,Janesville,Wisconsin,63820,42.6827885,-89.0187222
920,Waukegan,Illinois,88826,42.3636331,-87.8447938
921,Bowling Green,Kentucky,61488,36.9685219,-86.4808043
922,Arlington,Texas,379577,32.735687,-97.1080656
923,Lewisville,Texas,101074,33.046233,-96.994174
924,Farmington,New Mexico,45426,36.7280583,-108.2186856
925,Oakley,California,38194,37.9974219,-121.7124536
926,Palo Alto,California,66642,37.4418834,-122.1430195
927,Springfield,Oregon,60177,44.0462362,-123.0220289
928,New Bedford,Massachusetts,95078,41.6362152,-70.934205
929,Redmond,Washington,57530,47.6739881,-122.121512
930,Brentwood,California,55000,37.931868,-121.6957863
931,Davis,California,66205,38.5449065,-121.7405167
932,La Mirada,California,49133,33.9172357,-118.0120086
933,Smyrna,Tennessee,43060,35.9828412,-86.5186045
934,Altoona,Pennsylvania,45796,40.5186809,-78.3947359
935,Dothan,Alabama,68001,31.2232313,-85.3904888
936,East Orange,New Jersey,64544,40.767323,-74.2048677
937,Tinley Park,Illinois,57282,41.5731442,-87.7932939
938,Biloxi,Mississippi,44820,30.3960318,-88.8853078
939,Urbana,Illinois,41752,40.1105875,-88.2072697
940,Garden Grove,California,175140,33.7739053,-117.9414477
941,Lynwood,California,71371,33.930293,-118.2114603
942,Northglenn,Colorado,37499,39.8961821,-104.9811468
943,Canton,Ohio,72535,40.7989473,-81.378447
944,Brookhaven,Georgia,50603,33.8651033,-84.3365917
945,Baton Rouge,Louisiana,229426,30.4582829,-91.1403196
946,Bristol,Connecticut,60568,41.6717648,-72.9492703
947,Independence,Missouri,117240,39.0911161,-94.4155068
948,Lansing,Michigan,113972,42.732535,-84.5555347
949,Orland Park,Illinois,58590,41.6303103,-87.8539425
950,Vineland,New Jersey,61050,39.4863773,-75.0259637
951,Green Bay,Wisconsin,104779,44.519159,-88.019826
952,Evanston,Illinois,75570,42.0450722,-87.6876969
953,Ocoee,Florida,39172,28.5691677,-81.5439619
954,Los Angeles,California,3884307,34.0522342,-118.2436849
955,Federal Way,Washington,92734,47.3223221,-122.3126222
956,West Jordan,Utah,110077,40.6096698,-111.9391031
957,Yucaipa,California,52536,34.033625,-117.0430865
958,Pittsburgh,Pennsylvania,305841,40.4406248,-79.9958864
959,Downey,California,113242,33.9401088,-118.1331593
960,Cicero,Illinois,84103,41.8455877,-87.7539448
961,South Gate,California,95677,33.954737,-118.2120161
962,Panama City,Florida,36877,30.1588129,-85.6602058
963,Joplin,Missouri,50789,37.0842271,-94.513281
964,League City,Texas,90983,29.5074538,-95.0949303
965,Salt Lake City,Utah,191180,40.7607793,-111.8910474
966,Fort Pierce,Florida,43074,27.4467056,-80.3256056
967,Phoenix,Arizona,1513367,33.4483771,-112.0740373
968,Corvallis,Oregon,55298,44.5645659,-123.2620435
969,Cedar Hill,Texas,46663,32.5884689,-96.9561152
970,Chicopee,Massachusetts,55717,42.1487043,-72.6078672
971,Ocala,Florida,57468,29.1871986,-82.1400923
972,Roswell,Georgia,94034,34.0232431,-84.3615555
973,Park Ridge,Illinois,37839,42.0111412,-87.8406192
974,Concord,New Hampshire,42419,43.2081366,-71.5375718
975,Olympia,Washington,48338,47.0378741,-122.9006951
976,Huntington Beach,California,197575,33.660297,-117.9992265
977,Corpus Christi,Texas,316381,27.8005828,-97.396381
978,Haverhill,Massachusetts,62088,42.7762015,-71.0772796
979,Hanover Park,Illinois,38510,41.9994722,-88.1450735
980,Cambridge,Massachusetts,107289,42.3736158,-71.1097335
981,Glendale,Arizona,234632,33.5386523,-112.1859866
982,Stanton,California,38623,33.8025155,-117.9931165
983,Summerville,South Carolina,46074,33.0185039,-80.1756481
984,Davenport,Iowa,102157,41.5236437,-90.5776367
985,Boca Raton,Florida,89407,26.3683064,-80.1289321
986,New Britain,Connecticut,72939,41.6612104,-72.7795419
987,Roseville,Michigan,47555,42.4972583,-82.9371409
988,Cleveland Heights,Ohio,45394,41.5200518,-81.556235
989,Gresham,Oregon,109397,45.5001357,-122.4302013
990,Lauderhill,Florida,69813,26.1403635,-80.2133808
991,Hendersonville,Tennessee,54068,36.3047735,-86.6199957
992,Santa Clara,California,120245,37.3541079,-121.9552356
993,Oceanside,California,172794,33.1958696,-117.3794834
994,Lake Forest,California,79312,33.6469661,-117.689218
995,Novi,Michigan,57960,42.48059,-83.4754913
996,West New York,New Jersey,52122,40.7878788,-74.0143064
997,Everett,Massachusetts,42935,42.40843,-71.0536625
998,Linden,New Jersey,41301,40.6220478,-74.2445902
999,Asheville,North Carolina,87236,35.5950581,-82.5514869
1000,Compton,California,97877,33.8958492,-118.2200712